year,date,subject,question_no,question,option_A,option_B,option_C,option_D,correct_answers,notes
110,2021/11/6,保健食品概論,1,"何者非向衛生福利部申請國產維生素類錠狀膠囊狀食品查驗登記之審查資料表之必填資
料？ a.產品中文名稱 b.產品外文外稱 c.產品製程 d.產品包裝工廠名稱",ab,bd,ac,cd,B,
110,2021/10/2,保健食品概論,1,"食品中添加「矽酸鈣」作為品質改良劑時，使用限量為 2%以下，下列何者符合規定？ 
a.膠囊每顆500 mg中含有矽酸鈣 10 mg b.每150 kg食品中含有矽酸鈣 3 kg c.500顆錠
狀食品（每顆200 mg）總計含有矽酸鈣 20 g d.每25 kg食品中含有矽酸鈣 550 g",abcd,abc,abd,ab,D,
110,2021/11/6,保健食品概論,2,"特殊營養食品中之特定疾病配方食品除一般包裝食品規定標示事項外，應另標示以下何
項？ a.適用對象 b.產品可以改善何種疾病 c.「本品屬特定疾病配方食品，不適合一般
人食用，須經醫師或營養師指導使用」或等同意義之詞句 d.產品中所含特殊營養素之生
理功能",ab,cd,ac,bd,C,
110,2021/10/2,保健食品概論,2,國內對食品原料輔酵素 Q10的使用限制及標示規定，何者為非？,每日食用限量 30毫克,15歲以下小孩不宜食用，且需標示,懷孕或哺乳期間婦女不宜食用，且需標示,服用抗凝血藥品病患可酌量食用,D,
110,2021/11/6,保健食品概論,3,申請健康食品查驗的產品，對其保健功效評估報告的審查，何為為非？,試驗產品應是申請的最終產品,人體食用研究者應有人體研究倫理審查委員會同意書,動物實驗應有試驗執行機構之實驗動物照護及使用委員會或小組同意書,應有二批結果報告，其中至少一批檢驗完成日期需在三年內,D,
110,2021/10/2,保健食品概論,3,申請健康食品查驗的產品，對其保健功效評估報告的審查，何者為非？,試驗產品應是申請的最終產品,人體食用研究者應有人體研究倫理審查委員會同意書,動物實驗應有試驗執行機構之實驗動物照護及使用委員會或小組同意書,應有二批結果報告，其中至少一批檢驗完成日期需在三年內,D,
110,2021/11/6,保健食品概論,4,我國最早可供外銷的保健食品品項為何？,乳酸菌,紅麴,綠藻,雞精,C,
110,2021/10/2,保健食品概論,4,健康食品查驗登記新案申請案審核為應送驗確認者之後續，何者錯誤？,"經中央主管機關通知後應於一個月內依通知函說明事項，向地方政府衛生局送交產
品樣品",應繳納檢驗費,應送繳原裝完整樣品檢體,"逾期未將檢體送驗者，其申請案得逕予否准 
Aor",A,
110,2021/11/6,保健食品概論,5,目前以膠原蛋白為主原料並通過健康食品認證之產品，其主要訴求功效為何？,骨質保健,美白保濕,延緩衰老,輔助調整過敏體質 ,A,
110,2021/10/2,保健食品概論,5,依健康食品管理法申請健康食品查驗登記（個案審查）新案之規定，何者錯誤？,"申請案初審為資料不完整者，經通知後應於二個月內補送必要之文件資料。必要
時，得申請延長一個月",經通知補送必要之文件資料，逾期未補送完整者，其申請案得逕予否准,"經初審通過者，應於初審通過通知送達之次日起一個月內，並依通知指定之份數，
檢送經補正後之完整文件資料影本至中央衛生主管機關，免繳審查費","每件申請案產品每次僅受理乙項保健功效之查驗登記 
 
 
",C,
110,2021/11/6,保健食品概論,6,"依國內法規的規定，使用「蛹蟲草」為原料之食品，中文標示警語不需對誰提出不適合食
用的建議？",孕婦,兒童,高齡者,真菌過敏者,C,
110,2021/10/2,保健食品概論,6,"有關「包裝維生素礦物質類之錠狀膠囊狀食品營養標示應遵行事項」中對維生素 D 之規
定，下列何者錯誤？",維生素D之單位得標示「微克」或「μg」,有效數字不超過三位為原則,應加註明國際單位（IU）之含量標示,營養標示值之誤差允許範圍為 50%~150%,D,
110,2021/11/6,保健食品概論,7,我國所稱健康食品必須符合以下何種條件，得發給健康食品許可：,安全性評估試驗,安定性評估,證明無害人體健康之評估,以上皆是,D,
110,2021/10/2,保健食品概論,7,"以下何者不是包裝維生素礦物質類之錠狀膠囊狀食品營養標示，應遵行事項所規定之標示
內容？",「營養標示」之標題,每一份量（或每一份、每份）幾顆（或粒、錠）、本包裝所（含）幾份,於包裝容器上宣稱或自願標示之營養素含量,產品所含維生素、礦物質之生理功能,D,
110,2021/11/6,保健食品概論,8,有關向衛生福利部申請健康食品查驗登記，通過初審進入複審的案件，何者錯誤？,應繳納審查費,應檢送依初審結論補正的完整文件資料影本,應依通知指定之份數檢送資料,應於初審通過通知送達之次日起二個月內申請複審,D,
110,2021/10/2,保健食品概論,8,以下何者為取得衛福部健康食品查驗登記許可後，不可變更的項目？,產品中文名稱,增加包裝規格,配方中不影響產品之保健功效及安定性之抗氧化劑含量,配方中不影響產品之保健功效及安定性之色素含量,C,
110,2021/11/6,保健食品概論,9,食品原料標示時，對冬蟲夏草菌絲體的使用，何者敘述有誤？,要於外包加註「本產品非中藥材冬蟲夏草之製品」的醒語,完整「冬蟲夏草菌絲體」7 個字，字體大小要一致,需備菌株鑑定證明或分離來源等相關文件,可直接使用菌株英文名稱，不需中文名稱,D,
110,2021/10/2,保健食品概論,9,"業者向衛生福利部申請輸入錠狀、膠囊狀食品查驗登記許可文件有效期限之展延，何者不
是衛生福利部不予登記並發駁回書函之主要原因？",原許可文件已逾有效期限者,非原許可證有效期限期滿前三個月內辦理者,成分含量表與原登記內容不符者,未於提出申請時繳納審查費,D,
110,2021/11/6,保健食品概論,10,"以下何者為取得衛福部健康食品查驗登記許可後，得以申請變更的項目？（1）減少包裝
規格 （2）增加保健功效成分含量 （3）減少建議攝取量 （4）增加製造工廠",(1)(2),(2)(3),(3)(4),(1)(4) ,D,
110,2021/10/2,保健食品概論,10,下列何者不是健康食品護肝保健功效評估方法中，可進行的肝損傷模式？,疲勞性肝損傷,四氯化碳誘發化學性肝損傷,酒精液態飼料誘導酒精性脂肪肝,"止痛藥物乙醯胺基苯酚誘導化學性肝炎損傷 
",A,
110,2021/11/6,保健食品概論,11,有關健康食品查驗登記許可之展延登記申請，下列何者錯誤？,應繳納審查費,應檢附製造廠繼續製售之證明文件正本或產品原料成分含量表正本,應於原許可證到期前三個月前提出申請,每次申請，展延最多五年,C,
110,2021/10/2,保健食品概論,11,依衛生福利部公告之「包裝食品營養標示應遵行事項」之用詞定義，何者為非？,反式脂肪：指食品中非共軛反式脂肪（酸）之總和,糖：單醣、雙醣和多醣之總和,"膳食纖維：指人體小腸無法消化與吸收之三個以上單醣聚合之可食碳水化合物及木
質素","營養宣稱：指任何以說明、隱喻或暗示方式，表達該食品具有特定之熱量或營養素
性質",B,
110,2021/11/6,保健食品概論,12,"有關「包裝維生素礦物質類之錠狀膠囊狀食品營養標示應遵行事項」中對維生素 D 之規
定，下列何者錯誤？",維生素 D之單位得標示「微克」或「µg」,有效數字不超過三位為原則,應加註明國際單位（IU）之含量標示,營養標示值之誤差允許範圍為 50%~150%,D,
110,2021/10/2,保健食品概論,12,食品原料標示時，對冬蟲夏草菌絲體的使用，何者敘述有誤？,要於外包加註「本產品非中藥材冬蟲夏草之製品」的醒語,完整「冬蟲夏草菌絲體」7個字，字體大小要一致,需備菌株鑑定證明或分離來源等相關文件,可直接使用菌株英文名稱，不需中文名稱,D,
110,2021/11/6,保健食品概論,13,微生物類保健原料，申請健康食品時，需要附上：,購菌來源,菌種鑑定報告,菌株分型鑑別報告,以上皆要,D,
110,2021/10/2,保健食品概論,13,我國所稱健康食品必須符合以下何種條件，得發給健康食品許可：,安全性評估試驗,安定性評估,證明無害人體健康之評估,以上皆是,D,
110,2021/11/6,保健食品概論,14,糞腸球菌、尿腸球菌做為健康食品原料，需要的安全性證明，下列何者為非？,基因毒性試驗,90 天餵食毒性試驗,致癌性試驗,毒力相關因子檢測,C,
110,2021/10/2,保健食品概論,14,關於第二軌魚油類的健康食品規格審查標準，何者有誤？,以傳統供食用之魚類萃取製成粉狀、膠囊或錠狀之食品,所含ω-3脂肪酸之純度應為百分之三十至五十,可標示：「本產品可能有助於降低血中三酸甘油酯」,可以與大蒜、紅麴等組成複方產品,D,
110,2021/11/6,保健食品概論,15,中華民國 107 年 1 月 1 日生效的「健康食品應加標示事項」，要求那些事項？,加標保健用途、藥品區隔,加標請依建議攝取量食用,要求加註事項字體應與底色有區別,以上皆是 ,D,
110,2021/10/2,保健食品概論,15,糞腸球菌、尿腸球菌做為健康食品原料，需要的安全性證明，下列何者為非？,基因毒性試驗,90天餵食毒性試驗,致癌性試驗,毒力相關因子檢測 ,C,
110,2021/11/6,保健食品概論,16,健康食品必須標示效期為：,製造日期,有效期限,製造批號,有效日期、保存方法及條件,D,
110,2021/10/2,保健食品概論,16,"由黑麴菌絲體（Aspergillus niger mycelium）製備之食品原料幾丁聚醣（Chitosan），其中
何種毒素的含量應小於 1 ppb？",橘黴素（citrinin）,玉米赤黴毒素（zearalenone）,赭麴黴素-A（ochratoxin）,"伏馬黴素-B （fumonisin B ） 
1 1
Aor",C,
110,2021/11/6,保健食品概論,17,因發生福島輻射問題，全球食材原由日本供應，因而轉向台灣，主要為：,綠藻，藍藻,乳酸菌,雞精,漢方補品,A,
110,2021/10/2,保健食品概論,17,"下列有關我國目前對於國產及進口肉品中瘦肉精-萊克多巴胺（Ractopamine）殘留容
許量之敘述何者為正確？",進口豬牛肉品 10 ppb以下,國產豬牛肉品 10 ppb 以下,國產及進口家禽類肉品不得檢出,沒有特定規範,C,
110,2021/11/6,保健食品概論,18,健康食品第一軌申請許可作業流程為：,文件初審→評估結果審核→送驗確認→審核結果→核發許可證,文件初審→安全評估，功效評估→評估結果審核→送驗確認→審核結果→核發許可證,文件初審→功效評估→送驗確認→評估結果審核→審核結果→核發許可證,文件初審→審核結果→安全評估，功效評估→評估結果審核→送驗確認→核發許可證,B,
110,2021/10/2,保健食品概論,18,"兩種保健食品分別為牛樟芝固態培養菌絲體膠囊和牛樟芝椴木栽培子實體膠囊，欲申請健
康食品認證，請問此兩種產品共同需進行的安全性評估項目為何？a:基因毒性, b: 28天餵
食毒性試驗, c: 90天餵食毒性試驗, d:致畸試驗, e:致癌性試驗, f:繁殖試驗",a,"a,b","a,c,d","a,c,d,e,f",C,
110,2021/11/6,保健食品概論,19,"有一保健產品欲申請健康食品認證，有關進行安全性評估 28 天餵食毒性試驗時之試驗物
質投予途徑之考量，下列敘述，何者不正確？",一般採用胃管經口餵食,採用胃管經口餵食時之餵食體積需在 20 mL/kg動物體重以下,若試驗物質混入飼料或飲水中，則濃度不得超過 5%（w/w）,"當以胃管經口餵食，若在技術上可給予之最大劑量（但不得超過 1000 mg/kg），而
未顯現任何毒性徵兆，則以此劑量做為最高劑量",B,
110,2021/10/2,保健食品概論,19,"下列何者可作為食品原料使用？a.雪蓮（Saussurea involucrata）組織培養物，b.桑黃
（Phellinus linteus）菌絲體，c.印度仙人掌（Caralluma fimbriata）地上植株萃取物",a,ab,bc,abc,D,
110,2021/11/6,保健食品概論,20,下列有關乙型受體素-萊克多巴胺（Ractopamine）之敘述何者為不正確？,添加於動物飼料中可以增強家畜家禽的瘦肉比例,屬於類交感神經刺激劑,依規定其殘留容許量在牛肉及豬肉中為 10 ppb 以下,家禽類肉品中不得檢出 ,C,
110,2021/10/2,保健食品概論,20,下列有關河豚毒素（tetrodotoxin）之敘述，何者錯誤？,此毒素也存在於蠑螈,屬神經毒素,會抑制骨骼肌收縮,中毒時需儘速至醫院打抗毒血清 ,D,
110,2021/11/6,保健食品概論,21,"衛福部針對食品中真菌（黴菌）毒素訂有限量標準，有關真菌毒素：a.黃麴毒素 
（Aflatoxin） b.赭麴毒素 A（Ochratoxin A） c.棒麴毒素（Patulin） d.橘黴素（Citrinin），
 
上述有哪些訂有限量標準？",ab,cd,abc,abcd,D,
110,2021/10/2,保健食品概論,21,"下列有關二甲基黃（dimethyl yellow）之敘述：a.曾被用做人造奶油食用色素 b.動物實驗
發現其會致癌 c.屬用途限定食物染劑 d.訂定有限量標準，下列何者不正確？",a,cd,acd,abcd,B,
110,2021/11/6,保健食品概論,22,深井水中含有高濃度之砷物質可能與台灣南部沿海部分鄉鎮曾發生過的何種疾病有關？,豬頭皮（腮腺炎）,間質性腎炎,烏腳病（末梢血管病變）,眼睛黃斑部病變,C,
110,2021/10/2,保健食品概論,22,"下列物質：a.血紅素（heme） b.亞硝胺（nitrosamine） c.多環芳香烴（polycyclic aromatic 
hydrocarbons） d.異環胺（heterocyclic amines），何者為肉品中疑似易導致罹癌因子？",bc,abc,bcd,abcd,D,
110,2021/11/6,保健食品概論,23,有一可供食用之中藥材保健產品，欲申請健康食品認證，下列敘述何者為正確？,須為國產中藥材,需經衛福部中醫藥司同意,需有基原鑑定報告,沒有特定規範,C,
110,2021/10/2,保健食品概論,23,關於健康食品宣稱中有關木糖醇的牙齒保健功能，下列何者有誤？,有助於降低蛀牙的發生率,有助於減少口腔內的牙菌斑,有助於減少牙菌斑內突變形鏈球菌數量（Streptococcus mutans）,有助於減少牙周病,D,
110,2021/11/6,保健食品概論,24,"依據法規-紅麴健康食品規格標準，下列之敘述：a.產品除紅麴外之其他功效配方組成不
得超過 20%； b.所含之 citrinin 含量濃度應低於百萬分之二（2 ppm）； c.每日攝取量所含
monacolin K至少應達 15 毫克； d.應備有紅麴菌菌種鑑定報告。上述何者不正確？",a,bc,ac,bcd,C,
110,2021/10/2,保健食品概論,24,健康食品查驗登記採個案審查時：,依成分標準規格進行審查,審查費用為 5000 元,一般需耗時 30天,業者須檢具保健功效評估驗證,D,
110,2021/11/6,保健食品概論,25,"由黑麴菌絲體（Aspergillus niger mycelium）製備之食品原料幾丁聚醣（Chitosan），其中
何種毒素的含量應小於 1 ppb？",橘黴素（citrinin）,玉米赤黴毒素（zearalenone）,赭麴黴素-A（ochratoxin）,"伏馬黴素-B （fumonisin B ） 
1 1
 
 ",C,
110,2021/10/2,保健食品概論,25,下列何者不是目前國內健康食品認同的保健效果？,牙齒保健功能,抗疲勞功能,骨質保健功能,改善記憶功能 ,D,
110,2021/11/6,保健食品概論,26,依食品安全衛生管理法規定，下列有關含冬蟲夏草類產品之敘述何者錯誤？,冬蟲夏草可做為食品原料,產品須標示菌株之中文名稱及拉丁學名,使用之菌株須為中華被毛孢（Hirsutella sinensis）,以上皆非,A,
110,2021/10/2,保健食品概論,26,食品中添加「矽酸鈣」品質改良劑，使用限量為 2%以下，以下何者使用量不符規定？,膠囊每顆 500 mg中含有矽酸鈣 10 mg,每150 kg食品中含有矽酸鈣 1800 g,500顆錠狀食品（每顆 200 mg）總計含有矽酸鈣 2 g,每25 kg食品中含有矽酸鈣 6.5 kg,D,
110,2021/11/6,保健食品概論,27,食品原料受到甲基汞之汙染，可能引起下列何種器官毒性？,腦部,肺臟,肝臟,腎臟,A,
110,2021/10/2,保健食品概論,27,下列有關黴菌毒素特性之敘述，何者不正確？,是黴菌感染產生之副產物,在穀物或植物體中相當穩定,不受冷凍影響,遇熱會被分解,D,
110,2021/11/6,保健食品概論,28,"台灣南部沿海部分鄉鎮曾發生過所謂的烏腳病，此與長期飲用深井水有關，主要係因深井
水中含有高濃度之何種物質所致？",鎘,汞,鉛,砷,D,
110,2021/10/2,保健食品概論,28,"健康食品安全性評估類別：a.第一類 b.第二類 c.第三類 d.第四類，何者應進行基因毒
性試驗？",ab,bc,bcd,abcd,C,
110,2021/11/6,保健食品概論,29,毒性物質是否能進入腦部，下列何者是很重要的關鍵因素？,蛋白質,無機離子,酸鹼性,脂溶性,D,
110,2021/10/2,保健食品概論,29,"下列何種化學物質是屬於高碳水化合物食品在經過高溫油炸或烘焙過程後的產物且與食
物褐變的梅納反應密切相關？",丙烯醯胺,二硫化碳,聯苯胺,亞硝酸鹽,A,
110,2021/11/6,保健食品概論,30,下列工業原料中何者曾被作為起雲劑而用於飲料或食品中，造成民眾恐慌？,甲醇,多氯聯苯,鄰苯二甲酸二（2-乙基己基）酯,聯苯胺,C,
110,2021/10/2,保健食品概論,30,"申請健康食品認證，原則上非經傳統方式萃取、濃縮之傳統食用原料應歸為第幾類安全性
評估？",第一類,第二類,第三類,第四類 ,B,
110,2021/11/6,保健食品概論,31,日本曾發生之水俁病（Minamata disease）事件，是因何種化學物質汙染漁業食物所致？,有機錫,有機鎘,有機汞,有機砷,C,
110,2021/10/2,保健食品概論,31,香腸、臘肉等添加亞硝酸鹽是為了保色與防腐，其可以抑制下列何種細菌之形成？,肉毒桿菌,金黃葡萄球菌,綠膿桿菌,仙人掌桿菌,A,
110,2021/11/6,保健食品概論,32,申請健康食品認證，安全評估報告呈現之何種數值可供推算人體建議攝取量之安全性？,NOAEL,LOAEL,LD50,MOS,A,
110,2021/10/2,保健食品概論,32,世界衛生組織（WHO）將加工肉品，如培根、香腸、火腿跟熱狗列為第幾級致癌物？,1級,2A級,2B級,3級,A,
110,2021/11/6,保健食品概論,33,"健康食品安全性評估方法中動物 28 天及 90 天餵食試驗採用試驗物質混入飼料或飲水中
時，濃度不得超過多少%（w/w）？",1,5,10,15,B,
110,2021/10/2,保健食品概論,33,軟骨藻酸（domoic acid）可能與下列何種中毒事件有關？,麻痺性貝類中毒,失憶性貝類中毒,神經性貝類中毒,下痢性貝類中毒,B,
110,2021/11/6,保健食品概論,34,"台灣及日本皆曾發生過所謂的油症事件，是因米糠油製備過程受到何種化學物質汙染所致
之中毒事件？",多氯聯苯,戴奧辛,氯乙烯,聯苯胺,A,
110,2021/10/2,保健食品概論,34,下列有關食用油之敘述，何者錯誤？,大量煎炸食品時，以沙拉油較宜，豬油或動物性油脂較不適宜,植物油之不飽和脂肪酸含量較高，較具健康性,橄欖油適用涼拌或低溫拌炒,"用來油炸的油脂，發煙點應選用高於 200℃以上較為恰當 
Bor",A,
110,2021/11/6,保健食品概論,35,下列何種植物種子含有毒蛋白，其油品使用於食品時有法令規範？,沒食子,蓖麻子,五味子,牽牛花子 ,B,
110,2021/10/2,保健食品概論,35,下列有關食品添加物-銅葉綠素之敘述何者是正確的？,可添加於調味乳、湯類及不含酒精之調味飲料,為國際規範准許使用之食品添加物著色劑,各國均未准許使用於食用油脂產品中,以上皆是,C,
110,2021/11/6,保健食品概論,36,下列有關吊白塊（Rongalit）之敘述，何者錯誤？,為非法之食品漂白劑,含氰化物可能產生中毒,可能產生頭痛、眩暈、呼吸困難、嘔吐,以上皆非,B,
110,2021/10/2,保健食品概論,36,下列何種植物種子含有毒蛋白，其油品使用於食品時有法令規範？,沒食子,蓖麻子,五味子,牽牛花子 ,B,
110,2021/11/6,保健食品概論,37,失憶性（或健忘性）貝類中毒是下列何種海洋藻類之毒素所致？,藍綠藻,矽藻,微囊藻,渦鞭毛藻,B,
110,2021/10/2,保健食品概論,37,下列有關吊白塊（Rongalit）之敘述，何者錯誤？,為非法之食品漂白劑,含氰化物可能產生中毒,可能產生頭痛、眩暈、呼吸困難、嘔吐,以上皆非,B,
110,2021/11/6,保健食品概論,38,軟骨藻酸（domoic acid）可能與下列何種中毒事件有關？,麻痺性貝類中毒,失憶性貝類中毒,神經性貝類中毒,下痢性貝類中毒,B,
110,2021/10/2,保健食品概論,38,主管機關採行之食品安全管理措施是以下列何者為主要基礎考量？,毒性試驗,立法委員建議,多數民眾意見,風險評估,D,
110,2021/11/6,保健食品概論,39,下列有關食用油之敘述，何者錯誤？,大量煎炸食品時，以沙拉油較宜，豬油或動物性油脂較不適宜,植物油之不飽和脂肪酸含量較高，較具健康性,橄欖油適用涼拌或低溫拌炒,用來油炸的油脂，發煙點應選用高於 200℃以上較為恰當,A,
110,2021/10/2,保健食品概論,39,"下列工業原料中何者曾被使用於人造奶油，且其不當添加於食品中曾造成所謂毒豆干
事件？",喹啉黃,二甲基黃,檸檬黃,玉米黃素,B,
110,2021/11/6,保健食品概論,40,世界衛生組織（WHO）將加工肉品，如培根、香腸、火腿跟熱狗列為第幾級致癌物？,1 級,2A級,2B級,3 級,A,
110,2021/10/2,保健食品概論,40,"健康食品安全性評估方法中需使用所謂前置培養法或平板混合試驗法的是指下列何種
試驗？",體外哺乳類細胞基因毒性試驗,體外微生物基因突變試驗,體外骨髓細胞微核基因毒性試驗,以上皆非,B,
110,2021/11/6,保健食品概論,41,下列有關黴菌毒素特性之敘述，何者不正確？,是黴菌感染產生之副產物,在穀物或植物體中相當穩定,不受冷凍影響,遇熱會被分解 ,D,
110,2021/10/2,保健食品概論,41,"台灣及日本皆曾發生過所謂的油症事件，是因米糠油製備過程受到何種化學物質汙染所致
之中毒事件？",多氯聯苯,戴奧辛,氯乙烯,聯苯胺 ,A,
110,2021/11/6,保健食品概論,42,"健康食品安全性評估類別：a.第一類 b.第二類 c.第三類 d.第四類，何者應進行基因毒
性試驗？",ab,bc,bcd,abcd,C,
110,2021/10/2,保健食品概論,42,"下列何種實驗最常被使用於食品安全性評估中的""致突變試驗""？",染色體變異試驗,小鼠周邊血球微核試驗,安姆氏（Ames）試驗,DNA損傷確認試驗,C,
110,2021/11/6,保健食品概論,43,"下列何種化學物質是屬於高碳水化合物食品在經過高溫油炸或烘焙過程後的產物且與食
物褐變的梅納反應密切相關？",丙烯醯胺,二硫化碳,聯苯胺,亞硝酸鹽,A,
110,2021/10/2,保健食品概論,43,健康食品的安全性較不受下列何種因素影響？,原料來源,製造方式,設備價格,成分組成,C,
110,2021/11/6,保健食品概論,44,"申請健康食品認證，原則上非經傳統方式萃取、濃縮之傳統食用原料應歸為第幾類安全性
評估？",第一類,第二類,第三類,第四類,B,
110,2021/10/2,保健食品概論,44,缺乏碘時會產生下列何種病症？,Beriberi,Cretinism,Hemolytic anemia,Rickets,B,
110,2021/11/6,保健食品概論,45,一茶匙的液體卵磷脂可提供大約多少能量？,0 大卡路里,2 大卡路里,45 大卡路里,200 大卡路里,C,
110,2021/10/2,保健食品概論,45,下列何者是鈣攝取超出最高容許量（UL）的風險？,手足抽搐,萎縮性胃炎,維生素D缺乏症,腎結石的形成,D,
110,2021/11/6,保健食品概論,46,國人膳食營養素參考攝取量對鐵質的建議為何者正確？,10-18 歲男性與女性的建議攝取量相同,51 歲以上老化增加應增加攝取量,懷孕應從第一期開始每日增加 30 毫克,分娩後與成人期需求量相同 ,A,
110,2021/10/2,保健食品概論,46,國人膳食營養素參考攝取量對鐵質的建議為何者正確？,10-18歲男性與女性的建議攝取量相同,51歲以上老化增加應增加攝取量,懷孕應從第一期開始每日增加 30毫克,分娩後與成人期需求量相同,A,
110,2021/11/6,保健食品概論,47,下列有關於人體如何自行合成維生素之敘述，何者正確？,藉由葉黃素合成維生素 A，大部分儲存於肝臟,皮膚藉由日曬合成維生素 C，幫助調控血鈣,藉由色胺酸合成菸鹼素，食物烹煮時菸鹼素易流失,維生素 K可由結腸中細菌合成，滿足人體所需之 10%,D,
110,2021/10/2,保健食品概論,47,為了避免維生素攝取過量產生毒性的風險，綜合維生素和礦物質補充劑的劑量建議為何？,應少於每日參考值（DV）的兩倍,應少於上限攝取量（UL）的兩倍,應少於平均需要量（EAR）的兩倍,應少於包裝標示份量的兩倍 ,A,
110,2021/11/6,保健食品概論,48,"某人體重為 60 公斤，初估其基礎代謝率是每小時每公斤體重 0.9 大卡，若其過著靜態的
生活方式，則每日所需總能量約為多少大卡？",1200,1500,2100,2500,C,
110,2021/10/2,保健食品概論,48,下列有關於人體如何自行合成維生素之敘述，何者正確？,藉由葉黃素合成維生素 A，大部分儲存於肝臟,皮膚藉由日曬合成維生素 C，幫助調控血鈣,藉由色胺酸合成菸鹼素，食物烹煮時菸鹼素易流失,維生素K可由結腸中細菌合成，滿足人體所需之 10%,D,
110,2021/11/6,保健食品概論,49,下列何種蛋白中的鐵為儲存性鐵？,鐵蛋白,肌紅素,轉鐵蛋白,血紅素,A,
110,2021/10/2,保健食品概論,49,下列何種維生素的功能與能量釋放無直接關係？,"維生素B 
1",泛酸,菸鹼酸,"維生素B 
12",D,
110,2021/11/6,保健食品概論,50,以下何者是台灣十大死因？,禽流感,嚴重急性呼吸道症候群 SARS,糖尿病,缺鐵性貧血,C,
110,2021/10/2,保健食品概論,50,下列何者是鎂的主要功能？,運輸氧氣,預防貧血,能量代謝中的催化劑,甲狀腺激素的生產,C,
110,2021/11/6,保健食品概論,51,一個人的體重（kg）與身高（m2）的比值稱為：,身體質量指標,身高對體重指標,理想體重指標,期望的體重指標,A,
110,2021/10/2,保健食品概論,51,一個長期飢餓的人正在失去：,只有脂肪,只有肝醣,肝醣和脂肪,肝醣、蛋白質及脂肪,D,
110,2021/11/6,保健食品概論,52,下列何者可用來衡量一個人的腹部脂肪？,BMI,必須體脂肪,水中秤重法,腰圍 ,D,
110,2021/10/2,保健食品概論,52,下列何者不能用來製造身體蛋白質？,葡萄糖,甘油,脂肪酸,胺基酸,C,
110,2021/11/6,保健食品概論,53,[膳食營養素參考攝取量]可以簡稱為？,RDIs,IDFs,DRIs,RADs,C,
110,2021/10/2,保健食品概論,53,酒精攝取過量可能導致下列何種維生素缺乏？,維生素A,維生素C,菸鹼酸,維生素K,C,
110,2021/11/6,保健食品概論,54,純素食者最容易引起下列何種營養素缺乏？,"維生素 B 
1","維生素 B 
12",維生素 C,膳食纖維,B,
110,2021/10/2,保健食品概論,54,國人膳食營養素參考攝取量對 19歲以上的上限攝取量（UL）為何？,維生素A 1000 微克，維生素 C 2000 毫克，維生素E 3000 毫克,維生素A 1000 微克，維生素 C 3000 毫克，維生素E 2000 毫克,維生素A 3000 微克，維生素C 2000 毫克，維生素E 1000 毫克,維生素A 2000 微克，維生素 C 1000 毫克，維生素E 3000 毫克,C,
110,2021/11/6,保健食品概論,55,下列何者為必需脂肪酸？,Arachidonic acid,Eicosapentaenoic acid,Linoleic acid,Oleic acid,C,
110,2021/10/2,保健食品概論,55,以蛋白質消化率校正之胺基酸分數（PDCAAS）來看，以下何種食物的蛋白質品質較差？,牛奶,黃豆,玉米,肉類,C,
110,2021/11/6,保健食品概論,56,下列何種維生素的功能與能量釋放無直接關係？,"維生素 B 
1",泛酸,菸鹼酸,"維生素 B 
12",D,
110,2021/10/2,保健食品概論,56,下列何者為含硫胺基酸？,半胱胺酸,酪胺酸,麩胺酸,精胺酸,A,
110,2021/11/6,保健食品概論,57,一個長期飢餓的人正在失去：,只有脂肪,只有肝醣,肝醣和脂肪,肝醣、蛋白質及脂肪,D,
110,2021/10/2,保健食品概論,57,有關魚油EPA的結構描述下列何者是正確的？,C22:4,C20:4,C20:5,C22:5,C,
110,2021/11/6,保健食品概論,58,下列何者不能用來製造身體蛋白質？,葡萄糖,甘油,脂肪酸,胺基酸 ,C,
110,2021/10/2,保健食品概論,58,食物中所含之葉酸，必須經由哪一個酵素作用後才可被吸收？,二氫葉酸還原酶,葉酸合成解酶,蛋白酶,胰蛋白酶,A,
110,2021/11/6,保健食品概論,59,國人膳食營養素參考攝取量對 19 歲以上的上限攝取量（UL）為何？,維生素 A 1000 微克，維生素 C 2000 毫克，維生素 E 3000 毫克,維生素 A 1000 微克，維生素 C 3000 毫克，維生素 E 2000 毫克,維生素 A 3000 微克，維生素 C 2000 毫克，維生素 E 1000 毫克,維生素 A 2000 微克，維生素 C 1000 毫克，維生素 E 3000 毫克,C,
110,2021/10/2,保健食品概論,59,下列何者是可消化的多醣？,纖維素,木質素,棉籽糖,果膠 ,D,
110,2021/11/6,保健食品概論,60,美國運動醫學專科學會所命名的女運動員三症候群有那些特徵？,體溫異常、無月經週期、憂鬱症,睡眠異常、無月經週期、肌肉上癮症,飲食異常、無月經週期、骨質疏鬆症,血糖異常、無月經週期、健康食品症,C,
110,2021/10/2,保健食品概論,60,下列何者不是水溶性纖維？,樹膠,果膠質,木質素,黏液質,C,
110,2021/11/6,保健食品概論,61,下列哪一種脂蛋白的氧化與動脈粥狀硬化的成因有關？,乳糜微粒,低密度脂蛋白,極低密度脂蛋白,高密度脂蛋白,B,
110,2021/10/2,保健食品概論,61,下列何者是減重的最好方法？,避免含有碳水化合物的食物,排除飲食中所有脂肪及減少喝水,大量增加蛋白質的攝取量以防止體蛋白質流失,減少每天的能量攝取並增加能量的消耗,D,
110,2021/11/6,保健食品概論,62,下列何者為含硫胺基酸？,半胱胺酸,酪胺酸,麩胺酸,精胺酸,A,
110,2021/10/2,保健食品概論,62,以下何者為導致骨質疏鬆症的危險因素？,停經婦女,體力活動不足,缺乏維生素 D,以上皆是,D,
110,2021/11/6,保健食品概論,63,研究顯示，服用下列何者可降低神經管缺陷的風險？,菸鹼酸,葉酸,維生素 C,"維他命 B
12",B,
110,2021/10/2,保健食品概論,63,"下列有關攝食產熱效應（Termic Effect of Food, TEF）的敘述何者為是？",Carbohydrate 的 TEF值最高,protein 的 TEF值最高,Fat 的TEF值最高,Carbohydrate、protein、Fat 的TEF值一樣高,B,
110,2021/11/6,保健食品概論,64,以葡萄糖作為基準，評估攝入其他食物後血糖上升的情形，稱為該食物之：,Amylose Index,Sugar Index,Glycemic Index,Insulin Index ,C,
110,2021/10/2,保健食品概論,64,"全穀食品在保健食品市場(1)是全球保健食品發展的重要趨勢 (2)屬於Gluten Free的食品 
(3)富含膳食纖維、維生素和礦物質等 (4)含量需含總產品乾重51%以上始可宣稱 (5)需含
有穀物的麩皮、胚芽及胚乳，以下何者正確？",(1)(3)(5),(1)(2)(5),(2)(3)(4),(1)(2)(4) ,A,
110,2021/11/6,保健食品概論,65,"以 Ames test 進行基因毒性測試時，試驗物質至少需進行幾個劑量的評估，且最高劑量須
足以產生明顯的毒性？",6 種,5 種,4 種,3 種,B,
110,2021/10/2,保健食品概論,65,"根據「包裝維生素礦物質類之錠狀膠囊狀食品營養標示應遵行事項」之規定，欲敘述維生
素、礦物質之生理功能，其每日最低攝取量需達每日參考值之多少以上？",10%,15%,30%,50%,B,
110,2021/11/6,保健食品概論,66,"下列何種毒性試驗長期以口胃管、靜脈或皮下注射方式投予實驗動物，觀察在非致死劑量
之下所產生的毒性作用，是否有導致疾病發生之可能？",急性毒性試驗,亞急性毒性試驗,基因毒性試驗,慢性毒性試驗,D,
110,2021/10/2,保健食品概論,66,依健康食品規格標準審查通過之產品，其功效：,由經驗傳承,由公式計算,由學理得知,由實驗確認,C,
110,2021/11/6,保健食品概論,67,請舉出三種與蛋白質合成生成有關的維生素 B 群。,"Niacin、VitaminB 、VitaminB 
1 2","VitaminB 、VitaminB 、VitaminB 
1 2 6","VitaminB 、Folic acid、Biotin 
12","VitaminB 、VitaminB 、Lipoic acid 
1 6",C,
110,2021/10/2,保健食品概論,67,玻璃包裝之食品可能有何種毒物之汙染？,多氯聯苯,汞,鉛,甲醛,C,
110,2021/11/6,保健食品概論,68,下列有關鈣的敘述，何者錯誤？,膳食纖維會抑制腸道對鈣的吸收,血鈣濃度低時，維生素 D會在腎臟被活化,補充劑中鈣的含量相同時，檸檬酸鈣型態的吸收率會較佳,血鈣濃度低時，甲狀腺素濃度會增高,D,
110,2021/10/2,保健食品概論,68,迴腸切除者較容易缺乏下列何者？,"維生素B 
12","維生素B 
6",葉酸,菸鹼素,A,
110,2021/11/6,保健食品概論,69,下列何種蛋白的變異與牛海綿狀腦病（狂牛症）有關？,纖維母細胞生長因子-23（FGF-23）,腦源性神經營養因子蛋白（BDNF）,克洛素蛋白（klotho）,普立昂蛋白（prion） ,D,
110,2021/10/2,保健食品概論,69,有關三聚氰胺（Melamine）毒奶粉事件，為何不肖商人要故意添加三聚氰胺？,提高鈣質的檢測含量,提高乳蛋白的檢測含量,提高氮的檢測含量,以上皆非,C,
110,2021/11/6,保健食品概論,70,"何者為健康食品管理法所稱之保健功效？ a.增進民眾健康、減少疾病危害風險 b.具有實
質科學證據之功效 c.治療、矯正人類疾病之效能 d.經中央主管機關公告者",abc,bcd,acd,"abd 
A",D,
110,2021/10/2,保健食品概論,70,"下列何種食品添加物過去曾使用於麵包中，但經致癌性試驗評估後，被歸類於第二級致癌
物而遭禁用：",溴酸鉀,二甲基亞硝胺,糖精,BHA,A,
110,2021/11/6,保健食品概論,71,下列何者鈣的含量最高？,檸檬酸鈣,碳酸鈣,乳酸鈣,葡萄糖酸鈣,B,
110,2021/10/2,保健食品概論,71,以下何者非健康食品管理法規定之健康食品必須標示於容器、包裝或說明書上之項目：,有效日期,許可證字號、「健康食品」字樣及標準圖樣,核准之功效,符合HACCP,D,
110,2021/11/6,保健食品概論,72,我國保健食品產業外銷拓展的所遭遇之主要瓶頸何者為非？,跨國行銷能力與經驗不足,不了解國外目標市場的法規,外銷所需之官方證明文件申請冗長,專利佈局不足,D,
110,2021/10/2,保健食品概論,72,一般用於「動物活體基因毒性分析」的動物是哪一種？,雄性鼷鼠,兔子,倉鼠,小鼠,A,
110,2021/11/6,保健食品概論,73,口服酵素補充品的一般在腸胃道的代謝途徑為何？,被胃腸道蛋白酶消化,被唾液分泌液迅速分解,以原本型式在胃被吸收,以原本型式在空腸完全被吸收,A,
110,2021/10/2,保健食品概論,73,健康食品保健功效適合的表達方式，下列何者為非？,敘述攝取後一般性好處,提出科學證據支持影響人體生理結構或生理機能之說法,宣稱國際相關功效已有多元產品及廣大巿場,敘述攝特定營養素、特定成分或該食品對人體生理結構或生理機能之影響,C,
110,2021/11/6,保健食品概論,74,下列何者不是水溶性纖維（soluble fiber）？,樹膠,半纖維素,果膠,木質素,D,
110,2021/10/2,保健食品概論,74,以下何者非維生素 C 的功能？,具抗氧化能力,促進膠原蛋白合成,促進小腸對鐵的吸收,參與膽固醇的生合成,D,
110,2021/11/6,保健食品概論,75,以下哪一種飽和脂肪酸不容易增加血膽固醇？,肉豆蔻酸,月桂酸,棕櫚酸,硬脂酸 ,D,
110,2021/10/2,保健食品概論,75,"維生素D 必須靠哪些組織活化才能成為活化型維生素 D ？ 
3 3",肝臟與腎臟,肝臟與脾臟,腎臟與脾臟,骨髓與脾臟,A,
110,2021/11/6,保健食品概論,76,下列何種物質經致癌性試驗評估後，被歸類於第一級致癌物：,溴酸鉀,氯仿,糖精,黃麴毒素,D,
110,2021/10/2,保健食品概論,76,有關向衛生福利部申請健康食品查驗登記，所檢附之產品衛生檢驗報告，何者錯誤？,要檢附檢驗方法清單,應有三批檢驗報告,檢驗完成日期皆應在三年內,報告內容應符合健康食品衛生標準規定,C,
110,2021/11/6,保健食品概論,77,顛茄生物鹼-阿托品（atropine）可用於下列何種物質中毒時之解毒？,有機溶劑,有機磷農藥,有機汞,氰化物,B,
110,2021/10/2,保健食品概論,77,下列哪種糖是存在於豆類食品中最不易被消化的醣類？,阿拉伯糖,木糖,棉籽糖,核糖,C,
110,2021/11/6,保健食品概論,78,染色體異常分析法檢查染色體的結構與數目於？,分裂間期,分裂末期,分裂初期,分裂中期,D,
110,2021/10/2,保健食品概論,78,下列關於碳水化合物之敘述何者為非？,在人體內，葡萄糖也稱為血糖,半乳糖以單獨形式存在於牛乳中,蔗糖乃是由葡萄糖與果糖結合而成,麥芽糖含有兩個葡萄糖分子，以 α鍵結合,B,
110,2021/11/6,保健食品概論,79,工業局「保健食品工業技術推廣與輔導計畫」業務不包括？,產業諮詢服務窗口,研發成果資料庫建置,產業發展年度白皮書,專利授權,D,
110,2021/10/2,保健食品概論,79,申請健康食品認證，安全性評估原則上應以何種試驗物質形式進行？,不含賦形劑之主要原料,最終產品,不拘形式,以上皆非,B,
110,2021/11/6,保健食品概論,80,向衛生福利部申請健康食品查驗登記，產品使用乳酸菌為原料者，其審查原則何者為非？,應有購菌或菌株來源證明,應有菌種鑑定報告,應有菌株鑑定報告,"自行篩選菌株者，其安全性分類可為 第一類 
 
以 下 空 白",D,
110,2021/10/2,保健食品概論,80,"下列何種毒性試驗是研究胚胎形成過程中因化學物質的誘發，可能導致胎兒在構造上或功
能上的改變？",致突變性試驗,畸胎性試驗,慢性毒性試驗,"致癌性試驗 
 
 
以 下 空 白",B,
110,2021/11/6,食品科學概論,1,"禽畜產品、乳品、⽔產加工食品業及餐飲業以外的其他食品製造業，⾄少應置⼀名專⾨職
業人員，其資格為下列何者？",食品技師,營養師,獸醫師,⽔產養殖技師,A,
110,2021/10/2,食品科學概論,1,有關油炸油得換油的指標，下列何者錯誤？,發煙點低於 150℃時,"油炸油色深且又黏漬，具油耗味，泡沫多、大、有顯著異味且泡沫面積超過油炸鍋
二分之一以上者",酸價超過 2.0（mg KOH/g）,油炸油總極性物質含量達 25%以上者,A,
110,2021/11/6,食品科學概論,2,殺菌液蛋不得檢出的微生物為何？,沙⾨氏菌,仙人掌桿菌,腸炎弧型菌,金黃色葡萄球菌,A,
110,2021/10/2,食品科學概論,2,"中央主管機關對重大或突發性食品衛生安全事件，必要時得依風險評估或流行病學調查結
果，公告對特定產品或特定地區之產品採取的管理措施不包括下列哪一項？",限制或停止輸入查驗,限制或停止製造及加工方式或條件,限制或停止限期回收或限期改善,下架、封存、沒入、銷毀,C,
110,2021/11/6,食品科學概論,3,有關食品添加物業者之登錄，下列何者錯誤？,食品添加物製造場所無工廠登記業者，可以登錄,食品添加物應明顯標示產品登錄碼,登錄複方食品添加物A，成分若含複方添加物B，後者可以不用將個別成分展開登錄,"A公司委託B廠代工製造食品添加物，後由A公司販賣該食品添加物，A 公司應同
時登錄製造業及販賣業，並於製造業頁籤中登錄委託B 廠代工資訊。",C,
110,2021/10/2,食品科學概論,3,食品物流業應制定物流管制標準作業程序，下列規定何者錯誤？,作業過程中需管制溫度或濕度者，應建立管制方法及基準，並確實記錄,低溫食品之品溫再裝載前，應檢測及記錄,低溫食品之理貨或及裝卸，應於 15℃以下場所迅速進行,應依產品特性，適當調整產品保持溫度條件進行物流作業,D,
110,2021/11/6,食品科學概論,4,食品安全監測計畫中有關監測週期，每半年或每批需檢驗⾄少⼀次的，為下列何者？,動物性油脂產品,肉品加工產品,澱粉產品之原料或成品,複方食品添加物產品,A,
110,2021/10/2,食品科學概論,4,有關食品業者倉儲管制，下列規定何者錯誤？,作業性質或清潔程度要求不同的場所，應分別設置或予以適當區隔,倉儲作業應符合先進先出的原則，並確實記錄,倉儲過程中，可隨時依產品性質，適度修正原物料供應商原來設定的貯存條件,倉儲過程，應定期檢查，並確實記錄；有異狀時，應立即處理確保品質及衛生,C,
110,2021/11/6,食品科學概論,5,下列何者是食品添加物類別之保色劑？,碳酸鉀,硝酸鉀,氯化鉀,磷酸氫二鉀 ,B,
110,2021/10/2,食品科學概論,5,"食品業者依法訂定食品安全監測計畫，如變更計畫內容，原版本自修正日起至少保存 
（a）____年，依據監測計畫執行的檢驗結果紀錄至少應保存（b）____年，a、b依序為：",5，5,3，5,5，3,6，6 ,A,
110,2021/11/6,食品科學概論,6,"亞硫酸鹽使用於金針乾製品，用量以SO 殘留量計，為多少 g/kg？ 
2",2,3,4,5,C,
110,2021/10/2,食品科學概論,6,"食品安全監測計畫中，應就其半成品或成品，除一般法定項目外，尚需檢驗二氧化硫的產
品，為下列何者？",茶葉產品,糖產品,醬油產品,動物性油產品,B,
110,2021/11/6,食品科學概論,7,販賣、貯存食品添加物場所之光線除不得改變食品顏色外，應達到多少米燭光以上？,100,200,300,400,B,
110,2021/10/2,食品科學概論,7,下列何者不屬於應辦理食品添加物查驗登記事項？,改裝單方食品添加物,食品添加物標示無法反映產品本質或功能,產品規格不符合「食品添加物使用範圍及限量暨規格標準」,產品不屬於食品添加物,D,
110,2021/11/6,食品科學概論,8,"在製造中式香腸之預裝秤重包裝（真空）進行生物性危害分析，得知異常時，其危害之防
治措施，下列何者錯誤？",依標準作業程序進行包裝作業,全數經紅外線掃瞄，確認包裝之密封性,真空包裝機定期清潔消毒和維護保養（以確保真空度）,確實執行人員衛生管理,B,
110,2021/10/2,食品科學概論,8,食品添加物販售場所之規定，下列何者錯誤？,販賣、貯存食品之設施及場所，應保持清潔，並設置有效防止病媒金入之設施,食或食品添加物應避免汙染及腐敗，並一起妥善保存、整齊堆放,應有管理衛生人員,販賣貯存作業，應遵守先進先出之原則,B,
110,2021/11/6,食品科學概論,9,接獲某食品業者販售產品發生疑似食品中毒事件時，下列處置，何者錯誤？,對於該食品業者，得命其限期改善,"對於該業者，得命其派送相關食品從業人員⾄各級主管機關認可的機關（構），接受
⾄少6小時之食品中毒防治衛生講習",調查期間，得命其暫停營業、停止販賣及進行消毒,調查期間，並可封存該產品,B,
110,2021/10/2,食品科學概論,9,下列何者是食品添加物類別之保色劑？,碳酸鉀,硝酸鉀,氯化鉀,磷酸氫二鉀,B,
110,2021/11/6,食品科學概論,10,"低酸性罐頭食品（pH>4.6）之殺菌值F 須達到多少以上？ 
0",2,3,4,5,B,
110,2021/10/2,食品科學概論,10,"在製造中式香腸之預裝秤重包裝（真空）進行生物性危害分析，得知異常時，其危害之防
治措施，下列何者錯誤？",依標準作業程序進行包裝作業,全數經紅外線掃瞄，確認包裝之密封性,真空包裝機定期清潔消毒和維護保養（以確保真空度）,確實執行人員衛生管理 ,B,
110,2021/11/6,食品科學概論,11,有關食品工廠廠區環境之規定，下列何者錯誤？,工廠不得設於易遭汙染之區域，否則應有嚴格之食品汙染防制措施,鄰近及廠內道路，應鋪設柏油等，以防灰塵造成汙染,廠區內不得有發生不良氣味、有害（毒）氣體,廠區內嚴禁飼養包括警戒犬在內的任何動物,D,
110,2021/10/2,食品科學概論,11,下列何者不是防腐劑？,苯甲酸鉀,己二烯酸鉀,過氧化氫,丙酸,C,
110,2021/11/6,食品科學概論,12,有關香蕉在成熟過程中顏色由綠轉黃的原因之敘述，下列何者正確？,葉綠素轉化為核黃素,葉綠素破壞而葉黃素顯現,葉綠素轉化為胡蘿蔔素,葉綠素破壞而胡蘿蔔素顯現,D,
110,2021/10/2,食品科學概論,12,"乙烯二胺四醋酸二鈉（EDTANa ）除了可以作為食品改良用劑外，還可以做為： 
2",防腐劑,殺菌劑,結著劑,抗氧化劑,D,
110,2021/11/6,食品科學概論,13,有關蛋白質變性（denaturation）之敘述，下列何者有誤？,蛋白質變性後容易受到蛋白質分解酵素的作用,蛋白質變性後會失去生物活性,蛋白質變性後⼀級結構發生變化,蛋白質變性後溶解度降低,C,
110,2021/10/2,食品科學概論,13,發布食品衛生檢驗資訊時，應同時公布的資訊，何者不正確：,檢驗單位,檢驗方法,檢驗人員,結果判讀依據,C,
110,2021/11/6,食品科學概論,14,下列何者為魚油中富含的EPA脂肪酸的碳數及不飽和鍵的表示方式？,C20：5,C20：6,C22：5,C22：6,A,
110,2021/10/2,食品科學概論,14,殺菌液蛋不得檢出的微生物為何？,沙門氏菌,仙人掌桿菌,腸炎弧型菌,金黃色葡萄球菌,A,
110,2021/11/6,食品科學概論,15,利用火焰式原⼦吸光光譜法檢測稻米是否遭到鎘汙染，其檢測波⻑（nm）為何？,324.8,283.3,228.8,206,C,
110,2021/10/2,食品科學概論,15,有關食品工廠廠區環境之規定，下列何者錯誤？,工廠不得設於易遭汙染之區域，否則應有嚴格之食品汙染防制措施,鄰近及廠內道路，應鋪設柏油等，以防灰塵造成汙染,廠區內不得有發生不良氣味、有害（毒）氣體,廠區內嚴禁飼養包括警戒犬在內的任何動物,D,
110,2021/11/6,食品科學概論,16,有關蛋白質分析技術與原理，以下敘述何者不正確？,利用凱氏方法定量蛋白質時，係數6.25可適用於不同來源的蛋白質,添加三聚氰胺於生乳或飼料中，是用來誤導凱氏蛋白質定量方法的數值,愛德曼降解法（Edman degradation）是用來做蛋白質中胺基酸定序的主要方法之⼀,並非所有胺基酸定量，都適合利用強酸分解蛋白質後再定量個別胺基酸 ,A,
110,2021/10/2,食品科學概論,16,"有關乳品加工廠各作業區之落菌數標準如下:清潔作業區， a 個以下；準清潔作業， 
 b 個以下；一般作業區， c 個以下；a、b、c依序為：",20，30，400,20，50，500,30，50，500,30，50，700 ,C,
110,2021/11/6,食品科學概論,17,下列有關⽔分與食品的基本關係之描述，何者敘述有誤？,⽔分通常佔⼀般食品重量的60～70%以上,⽔分能夠直接影響食品之質地和組織,⽔分⼦之間是以許多氫鍵（hydrogen bond）相互連接,⽔之特性為具有電偶極，為非極性分⼦,D,
110,2021/10/2,食品科學概論,17,"低酸性罐頭食品（pH>4.6）之殺菌值F 須達到多少以上？ 
0",2,3,4,5,B,
110,2021/11/6,食品科學概論,18,有關蔗糖的敘述，下列何者正確？,蔗糖甜度較麥芽糖低,轉化糖甜度高於蔗糖,蔗糖可以與斐林試劑反應,"蔗糖是由⼀分⼦葡萄糖與⼀分⼦果糖以α-1, 4 鍵結合而成",B,
110,2021/10/2,食品科學概論,18,"食品安全監測計畫中，棉籽油產品主要檢驗項目除重金屬、真菌毒素、總極性化合物、苯
并芘以外，還需檢驗：",維生素E,棉籽酚,二氧化硫,亞麻油酸,B,
110,2021/11/6,食品科學概論,19,有關澱粉糊化（gelatinization）與回凝（retrogradation）的敘述，下列何者有誤？,糊化澱粉回凝後，其結構晶體化程度比生澱粉低,直鏈澱粉含量較多者，較易回凝,生澱粉糊化後，其雙折射性（birefringence）會消失,糊化澱粉回凝速率不受其⽔分含量的影響,D,
110,2021/10/2,食品科學概論,19,"食品業者所聘任專門職業人員於從業期間，應持續接受訓練機關（構）辦理食品安全管制
系統有關的課程，每年至少幾小時以上？",6,8,10,16,B,
110,2021/11/6,食品科學概論,20,"QuEChERS 前處理方法為國際間普遍使用的農藥前處理技術，請問 QuEChERS ⼀詞中最
後⼀個字⺟“S”為哪⼀個英文單字的縮寫？",Standard,Satisfaction,Speed,Safe,D,
110,2021/10/2,食品科學概論,20,痛痛病乃是食用下列何種金屬污染之農作物所致？,鉛,銅,鎘,汞,C,
110,2021/11/6,食品科學概論,21,有關利用TBA價（thiobarbituric acid value）作為油脂氧化的檢測，下列何者錯誤？,TBA 價可作為油脂氧化末期指標,油脂氧化物與TBA作用產生粉紅色物質,TBA 價越高，油脂品質越差,油脂氧化所產生的丙二酸可作為氧化指標,D,
110,2021/10/2,食品科學概論,21,"依「食品及其相關產品追溯追蹤系統管理辦法」第 8 條規定，業者應以「書面或電子文
件」方式，完整保存食品追溯追蹤憑證、文件等記錄至少幾年？",1年,2年,3年,5年 ,D,
110,2021/11/6,食品科學概論,22,下列何者不是人體必需胺基酸：,甲硫胺酸（methionine）,絲胺酸（serine）,白胺酸（leucine）,離胺酸（lysine） ,B,
110,2021/10/2,食品科學概論,22,有關酵素與溫度交互作用的說明，下列何者最正確？,Arrhenius 方程式,Michaelis & Menten 動力學,鎖頭與鑰匙（lock & key）學說,induced fit 學說,A,
110,2021/11/6,食品科學概論,23,下列關於中濕性食品（intermediate moisture food；IMF）之敘述，何者為非？,"傳統乾燥方法所製成的食品可能會產生收縮、多孔性、質地較硬等不良品質變化，
因此針對食品中的 Aw 控制在⼀般微生物無法生⻑的條件之下，達到保存食品之目
的，進而發展出中濕性食品",常見中濕性食品如果醬、乳酪、義大利香腸等,"儘管中濕性食品含⽔量介於自然狀態與乾燥食品之間，但其仍無法於室溫下保存，
需將中濕性食品放置於冷藏或冷凍",中濕性食品可以添加如己二烯酸鹽、苯甲酸鹽等抗真菌物質,C,
110,2021/10/2,食品科學概論,23,"有一批油其皂化價為 200 mg KOH/g-oil，不皂化物為 5%，酸價為30 mg KOH/g-oil，如將
這批油精製，請問其油脂的收率應為多少%？",50.67,65.52,75.38,80.75,D,
110,2021/11/6,食品科學概論,24,"取⼀油脂樣品其重量為5克並加入酒精及⼄醚混合溶劑溶解後，以 0.1 N氫氧化鉀酒精溶
液（力價＝0.9）滴定，試樣滴定消耗4.2毫升，空白試驗消耗0.2毫升，求此油脂樣品的
酸價（AV）為多少 mg KOH/g？（氫氧化鉀分⼦量＝56）",1.01,2.02,4.03,8.06,C,
110,2021/10/2,食品科學概論,24,"某新鮮食品樣品取1000 g，將樣品製備成風乾物重 150 g，秤取1.000 g風乾物，依水分測
定於105 ℃烘箱中至恆量為 20.420 g（連秤量瓶），秤量瓶恆量為 19.540 g，請計算此食品
風乾物之溼重水分含量（%）？",15,13.6,12,10,C,
110,2021/11/6,食品科學概論,25,"20 mL之柳橙汁需用0.1N之NaOH 25 mL滴定⾄終點，則此柳橙汁的含酸量為多少mg/mL？
（各種酸之分⼦量：酒石酸150、檸檬酸192、醋酸60、蘋果酸134）",7,8,9,9.375,B,
110,2021/10/2,食品科學概論,25,"有關樣品前處理時所採用研磨操作之敘述，請選出正確的選項？ a.操作過程不應使樣品
受熱破壞 b.粉碎過程應避免水分明顯損失 c.樣品顆粒大小可用篩網目數表示，目數愈
大者表示其顆粒愈大 d.可應用雷射繞射的原理進行顆粒大小的分析",acd,ab,abd,bd,C,
110,2021/11/6,食品科學概論,26,⼀般餐館餐飲業者所聘用調理烘焙從業人員中，持有證照比率為：,0.3,0.5,0.7,0.75,B,
110,2021/10/2,食品科學概論,26,"下列有關維生素的安定性之敘述，何者為正確之選項？ a.維生素B 僅於鹼性溶液中對熱
6
安定 b.有鐵鹽存在時，維生素 E 會被空氣快速氧化 c.維生素 B 對強酸、鹼及光線均
12
安定 d.菸鹼酸對酸、鹼、溫度、氧化劑、熱及光線均安定",ac,bd,cd,abd ,B,
110,2021/11/6,食品科學概論,27,食品安全監測計畫中，糖的輸入業者應就其半成品或成品，檢驗：,真菌毒素,農藥殘留,丙烯醯胺,二氧化硫 ,D,
110,2021/10/2,食品科學概論,27,有關蛋白質分析技術與原理，以下敘述何者不正確？,利用凱氏方法定量蛋白質時，係數 6.25 可適用於不同來源的蛋白質,添加三聚氰胺於生乳或飼料中，是用來誤導凱氏蛋白質定量方法的數值,愛德曼降解法（Edman degradation）是用來做蛋白質中胺基酸定序的主要方法之一,並非所有胺基酸定量，都適合利用強酸分解蛋白質後再定量個別胺基酸,A,
110,2021/11/6,食品科學概論,28,餐飲業洗滌場所應有充足流動自來⽔，其功能不包括下列何者？,洗滌,沖洗,漂白,有效殺菌,C,
110,2021/10/2,食品科學概論,28,有關蔗糖的敘述，下列何者正確？,蔗糖甜度較麥芽糖低,轉化糖甜度高於蔗糖,蔗糖可以與斐林試劑反應,"蔗糖是由一分子葡萄糖與一分子果糖以 α-1, 4鍵結合而成",B,
110,2021/11/6,食品科學概論,29,乳品加工食品業者如需聘任專⾨職業人員時，下列何者不符合資格？,食品技師,營養師,畜牧技師,獸醫師,B,
110,2021/10/2,食品科學概論,29,有關梅納反應的敘述，下列何者錯誤？,氧氣的存在會促進梅納反應,食品中若含銅、鐵離子會促進梅納反應,有些食品在製造時需要適度的梅納反應,胺基化合物所含第一胺基比第二胺基的梅納反應活性弱,D,
110,2021/11/6,食品科學概論,30,不當燃燒廢電纜、塑膠或廢五金製品後，其廢氣中含有俗稱「世紀之毒」的成分為何？,多氯聯苯,阿摩尼亞,戴奧辛,塑化劑,C,
110,2021/10/2,食品科學概論,30,利用HPLC之光二極體陣列檢出器來分析維生素C含量時，選用波長以下列何者最合適？,265 nm,450 nm,560 nm,750 nm,A,
110,2021/11/6,食品科學概論,31,下列何者是HACCP 之⼀項特點：,廠房動線的嚴密規劃,強調終產品的全面檢驗,生產場所之衛生條件管制,製程的危害分析與預防,D,
110,2021/10/2,食品科學概論,31,某澱粉樣品經還原糖定量法測定出含葡萄糖 80％，請問其澱粉含量多少％？,40,64,72,76,C,
110,2021/11/6,食品科學概論,32,有關食品內容物標示，如為二種以上混合物時，依其含量多寡的標示順序為何？,由低⾄高,由高⾄低,依食品種類而定,依廠商習慣而定。,B,
110,2021/10/2,食品科學概論,32,有關濾紙層析法（PPC）與薄層層析法（TLC）的比較之敘述，下列何者錯誤？,PPC 實驗所需時間較長，TLC 實驗所需時間較短,PPC 分離效果較差，TLC 分離效果較佳,PPC 靈敏度較低，TLC 靈敏度較高,PPC 再現性不高，TLC 再現性高 ,D,
110,2021/11/6,食品科學概論,33,得免營養標示之包裝食品規定，何者不正確：,飲用⽔、礦泉⽔,鹽及鹽代替品,糖及糖代替品,調味香辛料,C,
110,2021/10/2,食品科學概論,33,有關利用羊毛線染色法檢測食品色素之敘述，下列何者錯誤？,可檢測煤焦色素,羊毛絲在酸鹼條件呈現不同電荷,酸性色素在酸性條件可被羊毛絲吸附,酸性條件下羊毛絲帶負電,D,
110,2021/11/6,食品科學概論,34,有關清潔及消毒等化學物質及用具之管理規定，下列何者錯誤？,"病媒防治使用之環境用藥，應符合相關規定，並明確標示、存放於固定場所，且應
指定專人負責保管及記錄用量",食品作業場所除維護衛生所必須藥劑外，同時存放解毒及急救藥劑,有毒化學物質，應標明其毒性、使用及緊急處理,清潔、清洗及消毒機具，應有專用場所妥善保存。,B,
110,2021/10/2,食品科學概論,34,當pH值的變色範圍在 4.4至6.2之間，下列何者為最佳指示劑？,瑞香草酚藍（thymol blue）,甲基紅（methyl red）,酚紅（phenol red）,酚酞（phenolphthalein）,B,
110,2021/11/6,食品科學概論,35,餐飲業進行殺菌時，下列方法何者錯誤？,煮沸殺菌：毛巾或抹布等，以100℃沸⽔煮沸5分鐘以上,蒸汽殺菌：餐具等，以100℃蒸汽，加熱2分鐘以上,熱⽔殺菌：餐具等，以80℃以上熱⽔，加熱2分鐘以上,氯液殺菌：餐具等，以氯液總有效氯300 ppm以下，浸入溶液中 2分鐘以上,D,
110,2021/10/2,食品科學概論,35,下列何者不是高效液相層析儀（HPLC）常用之檢測器？,火焰離子化（FID）,紫外-可見光（UV-VIS）,光電二極體陣列（PDA）,示差折射（RI）,A,
110,2021/11/6,食品科學概論,36,食品販賣業者應符合之規定，下列何者錯誤？,食品之熱藏，溫度應保持在65℃以上,應有食品管理衛生人員，於現場負責食品衛生管理工作,販賣貯存作業需管控溫度、濕度者，應建立相關管制方法及基準，並據以執行,販賣場所之光線應達到200米燭光以上，使用之光線，不得改變食品之顏色,A,
110,2021/10/2,食品科學概論,36,下列何者是油脂氧化初期的指標？,過氧化價,碘價,酸價,皂化價,A,
110,2021/11/6,食品科學概論,37,有關食品業者倉儲管制，下列規定何者錯誤？,作業性質或清潔程度要求不同的場所，應分別設置或予以適當區隔,倉儲作業應符合先進先出的原則，並確實記錄,倉儲過程中，可隨時依產品性質，適度修正原物料供應商原來設定的貯存條件,倉儲過程，應定期檢查，並確實記錄；有異狀時，應立即處理確保品質及衛生,C,
110,2021/10/2,食品科學概論,37,有關蛋白質變性（denaturation）之敘述，下列何者有誤？,蛋白質變性後容易受到蛋白質分解酵素的作用,蛋白質變性後會失去生物活性,蛋白質變性後一級結構發生變化,蛋白質變性後溶解度降低,C,
110,2021/11/6,食品科學概論,38,下列那個胺基酸的吸光性質最強？,Histidine,Glycine,Tryptophan,Alanine,C,
110,2021/10/2,食品科學概論,38,下列何者為魚油中富含的 EPA脂肪酸的碳數及不飽和鍵的表示方式？,C20：5,C20：6,C22：5,C22：6 ,A,
110,2021/11/6,食品科學概論,39,下列何者用以表示油脂的不飽和程度？,過氧化價（peroxide value）,酸價（acid value）,皂化價（saponification value）,碘價（iodine value） ,D,
110,2021/10/2,食品科學概論,39,HACCP 與申請驗證之作業流程中，廠商在驗證作業時不需要提供下列何種資料？,HACCP 計畫書,營業稅繳交證明,引用法令/法規之清單,工廠生產流程圖,B,
110,2021/11/6,食品科學概論,40,若以分光光度計評估樣品中葉綠素含量，請問X與Y 軸分別是哪兩個變因？,濃度、吸光值,溫度、濃度,時間、吸光值,濕度、濃度,A,
110,2021/10/2,食品科學概論,40,通常含有胺基之化合物、還原糖及水在高溫下反應產生黃褐色物質稱為什麼反應？,焦糖化反應,冬化反應,梅納反應,酵素性褐變反應,C,
110,2021/11/6,食品科學概論,41,利用紫外線分光度計法檢測芳香族胺基酸，波⻑設定在多少nm？,220,250,280,336,C,
110,2021/10/2,食品科學概論,41,有關α-澱粉酶的敘述下列何者是錯誤的？,"可隨機切斷α-1,4-葡萄糖苷鍵結",是一種外切酵素,能迅速降低澱粉液的黏度,又稱為液化酵素,B,
110,2021/11/6,食品科學概論,42,下列何者不是磷酸鈉（Sodium Phosphate）具備之功能？,抗氧化,穩定pH值,產生CO,促進鈣吸收,D,
110,2021/10/2,食品科學概論,42,下列測量水分的方法中，何者不需要用到加熱？,蒸餾法,擴散法,碘量法,減壓乾燥法,C,
110,2021/11/6,食品科學概論,43,通常含有胺基之化合物、還原糖及⽔在高溫下反應產生黃褐色物質稱為什麼反應？,焦糖化反應,冬化反應,梅納反應,酵素性褐變反應,C,
110,2021/10/2,食品科學概論,43,下列有關梅納反應（Maillard reaction）的敘述，何者有誤？,通常是還原糖與胺基酸之間的反應,最終產物通常是褐色物質,與烘焙食品之顏色有關,是一種酵素性褐變,D,
110,2021/11/6,食品科學概論,44,"下列何者可作為製造豆腐的凝固劑？1 葡萄糖酸-δ-內酯、2 硫酸鈣、3 鹽滷、4 氯化鉀、
5氯化鈉、6氯化鎂",1256,1236,1235,3456,B,
110,2021/10/2,食品科學概論,44,下列哪種層析法最適合用於測定蔥、蒜中的含硫化合物之含量？,氣相層析法,親和力高效液相層析法,濾紙層析法,離子層析法,A,
110,2021/11/6,食品科學概論,45,何者是由發酵植物原料而來之乳酸菌屬？,Streptococcus sp.,Pediococcus sp.,Lactobacillus sp.,Bifidobacterium sp. ,B,
110,2021/10/2,食品科學概論,45,有關醃漬蔬果食品的變敗與造成原因之關聯性配對，下列何者錯誤？,表面滑溜－產膜酵母的菌體黏在表面,醃漬物黑變－青黴菌汙染導致,醃漬胡瓜脹氣上浮－胡瓜本身呼吸作用產生,軟化－果膠分解酵素導致,B,
110,2021/11/6,食品科學概論,46,無法有效減少「炸蝦餅」在貯存過程中所產生油耗味的包裝方法為下列何者？,充氮氣包裝,以市售透明夾鏈袋包裝,以真空袋抽真空包裝,包裝袋放入脫氧劑,B,
110,2021/10/2,食品科學概論,46,"有關在某些食品表面或內容物，會有白色粉末或結晶物析出的成分敘述，下列哪二者正
確？ a.魷魚乾－牛磺酸 b.蜜柑罐頭汁液－酪胺酸 c.乾海帶－甘露糖醇 d.水產類水煮
罐頭－硫酸鎂",ab,ac,bd,cd,B,
110,2021/11/6,食品科學概論,47,"某種⽔果之品質劣變反應的Q10（溫度係數）為1.6，則該⽔果於30℃的品質劣變速率是
10℃的多少倍？",0.8,1.6,2.56,3.2,C,
110,2021/10/2,食品科學概論,47,中式酥皮的組成中，何者製作過程中須添加水並揉至出筋？,油皮,油酥,油麵,以上皆非,A,
110,2021/11/6,食品科學概論,48,下列何者為市售鮮乳使用超高溫瞬間殺菌（UHT）的加熱條件？,63～65℃，30分,71～73℃，15～30秒,100～105℃，2～5秒,130～150℃，2～5秒,D,
110,2021/10/2,食品科學概論,48,"魚類死後隨著鮮度下降之同時，下列何種成分會伴隨增加？ a.氧化三甲胺（TMAO） 
b.三甲胺（TMA） c.揮發性鹽基態氮（VBN） d.尿素（Urea）",ab,ac,bc,cd,C,
110,2021/11/6,食品科學概論,49,下列何種肉品加工的機械，對肉製品同時具有嫩化作用與增加結著性之效果？,細切機,按摩機,絞碎機,充填機,B,
110,2021/10/2,食品科學概論,49,海鮮食品造成細菌性食物中毒，係因感染何種細菌所導致呢？,Aspergills flavus,Bacillus cereus,Clostridium botulinum,Vibrio parahaemolyticus,D,
110,2021/11/6,食品科學概論,50,下列何種傳統⽔產品從原料魚開始，於整個加工過程均皆不須經擂潰處理？,魚糕（板）,竹輪,魚果,鱈魚香絲,C,
110,2021/10/2,食品科學概論,50,微波加熱時，熱的傳遞是？,對流,輻射,傳導,以上皆是 ,D,
110,2021/11/6,食品科學概論,51,市售蛋粉在加工過程中，為避免褐變產生，乾燥前常會進行下列何種處理？,加鹽處理,冷凍處理,高溫處理,脫糖處理 ,D,
110,2021/10/2,食品科學概論,51,鯖魚製作成番茄漬罐頭，營養價值有何改變？,蛋白質消失,維生素C 增加,脂肪增加,鈣質增多,D,
110,2021/11/6,食品科學概論,52,葡萄酒的製程中，添加亞硫酸鹽的主要目的為下列何者？,抑制苦味的產生,增加混濁度,減少酸度,抑制雜菌的生⻑,D,
110,2021/10/2,食品科學概論,52,下列何種酵素活性是以低溫長時間殺菌市售鮮乳之檢測指標？,磷酸酶,氧化酶,凝乳酶,乳糖酶,A,
110,2021/11/6,食品科學概論,53,將香蕉放在冰箱冷藏⼀段時間後，表⽪會變⿊，此種現象稱為下列何者？,凍燒,變性,冷傷,回凝,C,
110,2021/10/2,食品科學概論,53,以馬鈴薯為原料製造薯條時，應於加工前保存於 10-15℃冷藏，主要目的為何？,增加茄靈產生,抑制糖分增加,降低單寧含量,減少氧化作用,B,
110,2021/11/6,食品科學概論,54,有關冷凍食品技術發展與應用，以下敘述何者不正確？,"食物的比熱（specific heat）會受到凍結狀態而改變，凍結點溫度以上的比熱小於凍
結後的食品比熱",任何食品凍結時，都會有過冷點（super-cooling）現象發生,"浮動床式（fluidized-bed）冷凍設備適用於平板塊狀的食品，因為其能提供最有效的
熱傳導效果",相較於食品未凍結的狀態，冷凍食品解凍後更容易腐敗,C,
110,2021/10/2,食品科學概論,54,使用相同濃度之糖類製作的蜜餞，下列何者製成的產品保存性最佳？,果糖,蔗糖,麥芽糖,乳糖,A,
110,2021/11/6,食品科學概論,55,"魚類死後隨著鮮度下降之同時，下列何種成分會伴隨增加？ a.氧化三甲胺（TMAO） 
b.三甲胺（TMA） c.揮發性鹽基態氮（VBN） d.尿素（Urea）",ab,ac,bc,cd,C,
110,2021/10/2,食品科學概論,55,"飲用冰箱中放置隔夜後之珍珠（粉圓）奶茶，會導致珍珠口感變硬的最可能澱粉變化為下
列何者？",α化,β 化,水解,液化,B,
110,2021/11/6,食品科學概論,56,"有關蛋的品質會隨貯藏時間增加變化之敘述，下列何者錯誤？（1）重量增加 （2）氣室
變大 （3）pH值下降 （4）比重下降",(1)(2),(1)(3),(1)(4),(3)(4) ,B,
110,2021/10/2,食品科學概論,56,下列何者是市售紅茶的製造流程？,茶葉採摘→殺菁→揉捻→曬乾→渥堆（濕倉）→晾乾→分級包裝,茶葉採摘→萎凋→揉捻→解塊→發酵→乾燥→精製分級→焙火,茶葉採摘→蒸菁→揉捻→乾燥→成品,茶葉採摘→殺菁→日光萎凋→炒菁→揉捻→初焙→再乾燥 ,B,
110,2021/11/6,食品科學概論,57,"有關米澱粉特性的敘述，下列哪二項正確？ a.支鏈澱粉含量：糯米＞蓬萊米＞在來米 b.碾
出粳稻後的白米稱為蓬萊米，是台灣煮白飯的米類 c.糊化後之黏性：在來米＞蓬萊米＞
糯米 d.糯米之澱粉粒經碘試驗的結果呈藍色",ab,ac,bd,cd,A,
110,2021/10/2,食品科學概論,57,關於蛋的加工特性與產品之關聯性配對，下列何者錯誤？,乳化性－鹹蛋,起泡性－蛋糕,熱凝固性－布丁,酸鹼之蛋白質變性－皮蛋,A,
110,2021/11/6,食品科學概論,58,對於傳統果蔬罐頭的製造步驟，下列製作順序何者正確？,脫氣密封充填殺菌,脫氣充填密封殺菌,充填密封脫氣殺菌,充填脫氣密封殺菌,D,
110,2021/10/2,食品科學概論,58,馬鈴薯有發芽現象時，會含何種毒素？,黃樟素,茄靈,蘇鐵素,草酸鹽,B,
110,2021/11/6,食品科學概論,59,"製作香腸時，10公斤原料肉中要含有100ppm的亞硝酸鈉，請問需添加的桃紅素（含20%
亞硝酸鈉與80%食鹽）的重量最接近下列何者？",0.5公克,1公克,5公克,10公克,C,
110,2021/10/2,食品科學概論,59,市售蛋粉在加工過程中，為避免褐變產生，乾燥前常會進行下列何種處理？,加鹽處理,冷凍處理,高溫處理,脫糖處理,D,
110,2021/11/6,食品科學概論,60,下列何者為綠茶的主要澀味成分？,咖啡因,單寧,葉綠素,皂素,B,
110,2021/10/2,食品科學概論,60,有關罐頭殺菌的敘述，下列何者錯誤？,D值所代表的意義為減少 90%菌數所需要增加之溫度,罐頭殺菌是一種商業滅菌之操作,"F 值通常以250℉為參考溫度 
0",低酸性罐頭食品進行殺菌時通常需要加壓,A,
110,2021/11/6,食品科學概論,61,生食⽔產品時，易引起細菌型食品中毒之細菌為？,肉毒桿菌,彎曲桿菌,仙人掌桿菌,腸炎弧菌 ,D,
110,2021/10/2,食品科學概論,61,"某種水果之品質劣變反應的 Q10（溫度係數）為 1.6，則該水果於30℃的品質劣變速率是
10℃的多少倍？",0.8,1.6,2.56,3.2,C,
110,2021/11/6,食品科學概論,62,遭受到化學物質汙染會導致食品品質劣變，下列何者不屬於化學物質汙染之因素？,農藥,戴奧辛,紫外線,塑化劑,C,
110,2021/10/2,食品科學概論,62,下列那種產品是利用微生物發酵技術製得？,果凍,皮蛋,米醋,蔗糖 ,C,
110,2021/11/6,食品科學概論,63,澱粉粒與足夠的⽔加熱⾄75℃以上時，會吸⽔而膨潤，此為何種現象？,糊化,老化,氧化,脂化,A,
110,2021/10/2,食品科學概論,63,下列食品與主要發酵菌種的組合中，何者是錯誤？,泡菜-醋酸菌,韓式泡菜-乳酸菌,啤酒-酵母,納豆-納豆菌,A,
110,2021/11/6,食品科學概論,64,下列何種魚肉的成分與罐壁產生化學作用，造成⽔產罐頭容易產生⿊變？,鋅化物,氧化三甲胺,組胺酸,硫化物,D,
110,2021/10/2,食品科學概論,64,"食品中的油脂受到物理、化學或微生物作用，發生氧化水解而產生的異味、異臭現象，
稱之為？",腐敗,褐變,酸敗,老化,C,
110,2021/11/6,食品科學概論,65,在食品工業中，若要去除牛乳殺菌的殘留H2O2，應採用下列何種微生物酶？,蛋白酶,凝乳酶,過氧化氫酶,轉化酶,C,
110,2021/10/2,食品科學概論,65,下列何者發生化學變化時，會導致冷凍鮪魚凍燒的現象？,脂質,蛋白質,維生素,碳水化合物,A,
110,2021/11/6,食品科學概論,66,在牛奶殺菌法中，UHT的條件最接近下列何者？,63℃，30分鐘,121℃，10分鐘,135℃，2秒,72℃，15秒,C,
110,2021/10/2,食品科學概論,66,有關食品在冷藏與冷凍過程中所造成品質變化之形成原因，下列何者正確？,由於澱粉老化造成滴液流失,食品中蛋白質變性造成凍燒現象,肉類自家消化作用造成肉質老化,脂質氧化造成油燒現象,D,
110,2021/11/6,食品科學概論,67,下列有關食品業者應設立食品安全管制系統（HACCP）工作小組之敘述，何者不正確？,管制小組成員⾄少三人,管制小組成員，其中負責人或其授權人為必要之成員,管制小組成員應接受HACCP訓練機關（構）辦理之相關課程並領有合格證書者,管制小組成員中⾄少二人應具備食品技師證書 ,D,
110,2021/10/2,食品科學概論,67,製作啤酒時使用大麥芽的目的為何？,提供澱粉水解酶,增加苦澀味,增進色澤,降低糖度,A,
110,2021/11/6,食品科學概論,68,下列有關灰化的敘述何者是錯誤的？,主要用於礦物質分析,微波灰化不用添加任何試劑,濕式灰化需要氧化劑,乾式灰化會有揮發性物質的損失,B,
110,2021/10/2,食品科學概論,68,下列何者不屬於常見之環境荷爾蒙？,多氯聯苯,聚乙烯,壬基苯酚,烷基酚 ,B,
110,2021/11/6,食品科學概論,69,包冰作用可以？,在食品降溫時實施可加速食品冷凍,在食品凍結後實施可防止食品氧化,作為急速冷凍前處理可分離食品顆粒,以上皆非,B,
110,2021/10/2,食品科學概論,69,金針菇乾製品添加亞硫酸鹽用量，以二氧化硫殘留量計，應在多少 ppm 以下？,2000,3000,4000,5000,C,
110,2021/11/6,食品科學概論,70,在冷凍加工法，下列何種介質為二次冷媒？,氨氣,氯化⼄烯,丙二醇,Freon-12,C,
110,2021/10/2,食品科學概論,70,由原料乳製造奶粉時，要進行 a.濃縮 b.乾燥 c.標準化 d.殺菌，其加工步驟為？,abcd,dcba,dacb,cdab,D,
110,2021/11/6,食品科學概論,71,我國「基因改造食品查驗登記」的主管機關是？,行政院農業委員會,行政院衛生福利部,行政院科技部,由以上三個部會會同審議,B,
110,2021/10/2,食品科學概論,71,我國目前管理基因改造食品之法律依據為：,健康食品管理法,食品安全衛生管理法,基因改造食品管理法,基因改造作物輸出入許可辦法,B,
110,2021/11/6,食品科學概論,72,有關河豚毒素之敘述，下列何者錯誤？,河豚毒素具耐熱性,100℃加熱30分鐘無法破壞所有河豚毒素,不易被強酸或鹼破壞,在河豚之內臟組織多少均含有毒物質，⼀般而⾔卵巢、肝臟係屬劇毒,C,
110,2021/10/2,食品科學概論,72,我國食品良好衛生規範準則中，對於外包裝材料之用詞定義下列何者錯誤？,食品之標籤,食品之紙箱,食品之直接接觸覆蓋物,食品之捆包材料,C,
110,2021/11/6,食品科學概論,73,下列何種醣類不與菲林試劑產生反應？,葡萄糖,乳糖,麥芽糖,蔗糖 ,D,
110,2021/10/2,食品科學概論,73,"在我國「生鮮蛋品洗選作業指引」中，下列敘述何者正確？ a.洗蛋主要目的是要降低沙
門氏菌污染 b.洗蛋可採用濕式浸泡、沖洗或乾式刷洗等方式進行 c.洗蛋用水，水溫宜
維持在40℃以上，並至少應高於蛋品溫度 5℃以上 d.洗蛋後可使用，可供食品使用之原
料或食品添加物之油蠟，進行包覆處理",ac,ab,ad,acd ,C,
110,2021/11/6,食品科學概論,74,下列何者是⽔梨削⽪後，在室溫放置容易變色的原因？,油脂氧化,梅納反應,酵素性褐變,非酵素性褐變,C,
110,2021/10/2,食品科學概論,74,"將澱粉經過加水及加熱後，置於 4℃冷藏溫度下時會導致組織變硬的情形，下列何者最適
合說明此現象？",變性,熟成,老化,凝膠化,C,
110,2021/11/6,食品科學概論,75,下列對萃取之的敘述，何者有誤？,食品工廠的萃取以固-液萃取居多，液-液萃取較少,固-液萃取之後，通常分成萃取液和殘渣二個部份,萃取過程中包括萃取物的溶解與擴散作用，所以溫度不會影響萃取率,萃取花生油可以正己烷為溶劑，萃取咖啡可以⽔為溶劑,C,
110,2021/10/2,食品科學概論,75,有關食品業者之檢驗及量測管制，下列規定何者錯誤？,"設有檢驗場所者，應具有足夠空間及檢驗設備，供進行品質管制及衛生管理相關檢
驗工作",衛生管理相關檢驗工作，得委託具公信力的研究或檢驗機構辦理,測定、控制或紀錄之測量器或記錄儀，要定期校正其準確性,微生物檢驗可一併設於一般檢驗場所內，無須隔離,D,
110,2021/11/6,食品科學概論,76,"⼀般物料在乾燥過程中，臨界⽔分含量（critical moisture content）會發生在乾燥速率曲線
上的那⼀期？",恆率乾燥期進入第⼀減率乾燥期,第⼀減率乾燥期進入第二減率乾燥期,第二減率乾燥期進入乾燥終點,預熱期進入恆率乾燥期,A,
110,2021/10/2,食品科學概論,76,"由原料乳製造鮮奶時，要進行 1標準化、2均質、3牛乳檢查、4殺菌、5充填包裝，其加
工步驟為：",31245,14325,13425,34125,A,
110,2021/11/6,食品科學概論,77,市售魚丸的製程中，下列哪個製程可去除酵素、胺、尿素等具腥臭味之物質？,⽔漂,擂潰,除筋,加熱成形,A,
110,2021/10/2,食品科學概論,77,下列何種加工處理不會造成蛋白質的變性？,加熱,加壓,輻射照射,加水,D,
110,2021/11/6,食品科學概論,78,有關豬隻屠宰後形成⽔化肉（watery pork）的敘述，下列何者錯誤？,又稱為⽔樣肉,肉的表面蒼白、質地軟化,會有大量解凍滴液產生,因屠宰前掙扎使肝醣耗盡，無法生成乳酸，以致於pH無法下降所致 ,D,
110,2021/10/2,食品科學概論,78,有容器或包裝之食品，不需標示出製造廠商之下列何種資訊？,地址,電話號碼,郵政信箱,名稱 ,C,
110,2021/11/6,食品科學概論,79,下列何者不是常使用於氣相層析儀的偵測器？,熱傳導偵測器（thermal conductivity detector）,折射率偵測器（refractive index detector）,焰式游離偵測器（flame ionization detector）,電⼦捕獲偵測器（electron capture detector）,B,
110,2021/10/2,食品科學概論,79,水煮後的粉圓，置於冷藏庫中會發生組織變硬的現象，主要是因為澱粉發生何種反應？,氧化,回凝,糊化,水解,B,
110,2021/11/6,食品科學概論,80,食品工廠使用的油炸油最好選用那⼀種油？,大豆沙拉油,氫化油,橄欖油,"豬油 
 
 
 
以 下 空 白",B,
110,2021/10/2,食品科學概論,80,"TQF 管理技術規範，品質管制委員會負責食品安全管理制度之人員，至少每三年應接受
HACCP 有關之專業訓練，累計受訓時數達多少小時以上？",8,12,16,"24 
 
 
 
以 下 空 白",B,
113,2024/4/20,保健食品概論,1,"下列哪些是具有抗疲勞功效的支鏈胺基酸？1. Leucine, 2. Isoleucine, 3. Arginine, 4. Valine, 
5. Glycine",1、2、3、4,1、3、5,2、3、4、5,1、2、4,D,
113,2024/10/19,保健食品概論,1,下列何者不屬於健康食品之保健功效成分鑑定報告及檢驗方法之規範事項？,成分應具有明確之保健功效成分,鑑定報告應包括保健功效成分之定性及定量試驗結果,僅依特定文獻敘述的檢驗方法檢驗,"在現有技術下無法確定有效功效成分者，應列舉具該保健功效之各項原料或佐證
文獻",C,
113,2024/4/20,保健食品概論,2,何者不是可宣稱「低」、「少」、「薄」、「微」或「略含」之營養素？,熱量,飽和脂肪,反式脂肪,膽固醇,C,
113,2024/10/19,保健食品概論,2,乳酸菌通過健康食品最多的三項目是？,胃腸道保健，護肝，抗過敏,胃腸道保健，抗過敏，調節免疫,免疫調節，胃腸道保健，降血脂,抗感染，抗過敏，免疫調節,B,
113,2024/4/20,保健食品概論,3,下列有關健康食品之營養成分標示內容，下列何者敘述錯誤？,熱量（大卡）,脂肪（公克）,蛋白質（公克）,碳水化合物（毫克）,D,
113,2024/10/19,保健食品概論,3,國內目前取得健康食品認證的產品，膳食補充劑型態那個類別最多？,錠劑,粉末,膠囊,以上皆非,C,
113,2024/4/20,保健食品概論,4,有關維生素類的營養補充食品，以下何者為非？,原料以進口為主,受到法規要求僅能於特定銷售通路如藥局或藥妝店販賣,近年來產值持續成長,維生素 B 群產品為大宗,B,
113,2024/10/19,保健食品概論,4,"某公司製造之複方食品添加物含有以下4種營養添加劑： 
單方食品添加物名稱 使用食品範圍 
硒酸鈉 可使用於各類食品 
葡萄糖酸錳 1.膠囊狀、錠狀食品 2.⼀般食品 3.嬰兒(輔助)食品 
L-肉酸 1.膠囊狀、錠狀食品 2.特殊營養食品 
脂肪酸磷酸鈉 特殊營養食品 
請問該複方食品添加物可用的食品範圍為何？",各類食品,膠囊狀、錠狀食品,特殊營養食品,膠囊狀、錠狀食品及特殊營養食品,C,
113,2024/4/20,保健食品概論,5,目前以膠原蛋白為主原料並通過健康食品認證之產品，其主要訴求功效為何？,骨質保健,美白保濕,延緩衰老,輔助調整過敏體質 ,A,
113,2024/10/19,保健食品概論,5,關於保健食品之功效評估，其護肝功能評估中，是以何種物質誘導老鼠慢性肝損傷？,"碳酸氫鈉（NaHCO ） 
3","氫硼化鈉（NaBH ） 
4","四氯化碳（CCl ） 
4",次氯酸鈉（NaClO）,C,
113,2024/4/20,保健食品概論,6,"向衛生福利部申請輸入錠狀、膠囊狀食品查驗登記，應檢附產品成分含量表，有關該產品
成分含量表，何者為非？",由申請商於近一年內出具,屬膠囊狀食品者，尚須包括空膠囊之原料及其食品添加物詳細名稱及含量,文件應載明「產品之每日建議食用量」,產品如含複方食品添加物，應詳細載明其所含各成分化學名稱及其含量百分比,A,
113,2024/10/19,保健食品概論,6,下列何者不是現今健康食品管理法規範的保健功效？,改善睡眠,調節血脂,護肝,調節血壓,A,
113,2024/4/20,保健食品概論,7,下列何為不是國內「健康食品之牙齒保健功效評估方法」須檢測指標與方法？,蛀牙數量,牙菌斑酸鹼值,牙菌斑堆積量,牙菌斑內突變形鏈球菌,A,
113,2024/10/19,保健食品概論,7,目前臺灣通過健康食品規格基準審查過的產品，何者敘述錯誤？,有魚油及紅麴兩類,功效訴求以調節血脂及胃腸功能改善為主,產品項數紅麴大於魚油,申請商與製造商可不相同,B,
113,2024/4/20,保健食品概論,8,對國內「健康食品之輔助調節血鐵保健功效評估方法」相關敘述，下列何者有誤？,原為「健康食品之促進鐵可利用率保健功效評估方法」，名稱重新修正,評估受試對象可為年齡 12歲至 65歲之女性,若受試者罹有與貧血有關之婦科疾病或遺傳性疾病須排除,若受試對象近 3個月有輸血者應排除,B,
113,2024/10/19,保健食品概論,8,以下何類產品是目前國產保健食品產業發展的主力？,膠囊錠劑產品,類似雞精的動物來源保健食品,綠茶類的飲品,微生物類的保健食品例如乳酸菌產品,D,
113,2024/4/20,保健食品概論,9,"有關申請健康食品查驗登記之功效評估，何者正確？ a.得以主要功效成分取代食品全產
品進行功效試驗 b.報告係人體食用研究者，應有醫師參與 c.報告係人體食用研究者，
應於醫學中心等級之醫院執行 d.所附之報告應有所有試驗個體之完整數據以供驗證",ab,bc,bd,"cd 
 
 
113 年度第一次保健食品初級工程師能力鑑定考試試題 
科目：保健食品概論 
考試日期： 113年 04月 20日 09:00~10:15 第 3 頁，共 15 頁 
 
B",C,
113,2024/10/19,保健食品概論,9,第二軌健康食品申請許可證承辦時間約為多少天？,60天,90天,100天,180天,A,
113,2024/4/20,保健食品概論,10,"衛生福利部公告應辦理國產維生素類錠狀膠囊狀食品查驗登記之認定基準中，維生素
C 及維生素 K 之基準如下：維生素 C-大於或等於 150 mg且不超過 1000 mg維生素 K-大
於或等於 140 μg且不超過 500 μg請問以下方產品如為國內產製，何項屬於應辦理國產維
生素類錠狀膠囊狀食品查驗登記之產品？ a.每顆添加維生素 C 900 mg，每日建議食用 1
顆 b.每顆添加維生素 K 130 μg，每日建議食用 1顆 c.每顆添加維生素 C 900 mg及維生
素 K 130 μg，每日建議食用 1顆 d.每顆添加維生素 C 900 mg及維生素 K 600 μg，每日
建議食用 1顆",abcd,acd,ac,ad,C,
113,2024/10/19,保健食品概論,10,若是含致癌類似物，應進行下列何種試驗？,免進行毒物性測試,28日連續口服為食試驗，基因毒性試驗,90日餵食試驗，基因毒性試驗，致畸試驗,90日餵食試驗，基因毒性試驗，致畸試驗，繁殖試驗--健康食品申請許可作業流程 ,D,
113,2024/4/20,保健食品概論,11,"包裝維生素礦物質類之錠狀膠囊狀食品營養標示之數據修正方式，以下何者為正確：
a.每包裝所含之份數，可標示至小數點後一位 b.維生素、礦物質含量以有效數字不超過
三位為原則 c.每日參考值百分比，可至小數點後二位 d.「數據修整應參照中華民國國
家標準 CNS2925「規定極限值之有效位數指示法」規定或四捨五入法",ac,bd,ab,cd,B,
113,2024/10/19,保健食品概論,11,"國內法規規定，何時開始製造的產品不得使用糞腸球菌（Enterococcus faecalis）作為食品
原料使用（以製造為主）？",中華⺠國107年1月1日,中華⺠國107年7月1日,中華⺠國108年1月1日,中華⺠國109年1月1日,B,
113,2024/4/20,保健食品概論,12,"國內法規陸續為食品原料或萃取物進行使用限制及標示規定，下列那些需標示兒童或嬰幼
兒不宜使用的警語？",苦橙果實或其萃取物,桑黃菌絲體,雪蓮組織培養物,以上皆是,D,
113,2024/10/19,保健食品概論,12,"向衛生福利部申請健康食品查驗登記之原料成分規格含量表之審核，何者為正確？ a.原
料成分殘留農藥含量不可超過中央主管機關所定安全容許量。 b.原料成分之規格含量僅
須列載主原料及其保健功效成分含量，輔料得免申報。 c.進行第三類安全評估之申請案，
其產品添加食品添加物之不受衛生福利部依食安法公告「食品添加物使用範圍及限量暨
規格標準」之限制。 d.所列載之原料皆應有供貨來源、供貨規格及驗收報告。",ab,cd,ad,bc,C,
113,2024/4/20,保健食品概論,13,健康食品成品需留樣保存多久？,生產後 1個月,生產後 6個月,生產後 3年,保留每批成品至有效日期,D,
113,2024/10/19,保健食品概論,13,以下健康食品標章上之字號，何者為經第二軌查驗登記審查通過者？,衛部健食規字第000001號,衛部健食健字第000001號,衛部健食規字000001號,以上皆非,A,
113,2024/4/20,保健食品概論,14,國內目前取得健康食品認證的產品，膳食補充劑型態那個類別最多？,錠劑,粉末,膠囊,以上皆非,C,
113,2024/10/19,保健食品概論,14,"何者是食品安全衛生管理法對「特殊營養食品」定義之範圍？ a.保健食品 b.膠囊、錠狀
營養補充品 c.特定疾病配方食品 d.嬰兒與較大嬰兒配方食品",abc,bcd,ab,cd,D,
113,2024/4/20,保健食品概論,15,根據健康食品申請許可辦法規定，申請健康食品認證標章應具備的資格，何者為非？,產品應檢具安全、功效評估及安定性試驗等報告,需有建議攝取食用量,核准產品須於包裝標示「健康食品」字樣與小綠人標準圖像,保健功效敘述可自由發揮,D,
113,2024/10/19,保健食品概論,15,"包裝食品營養標示之單位，以下何者為正確？ a.熱量以仟焦、kJ 標示 b.飽和脂肪（酸）、
反式脂肪（酸）以公克或 g 標示 c.鈉以毫克或 mg 標示 d.膽固醇以毫克或 mg 標示 e.碳
水化合物、糖、膳食纖維以公克或g標示",acde,bde,bcde,abcde ,C,
113,2024/4/20,保健食品概論,16,已取得健康食品查驗登記許可之產品，下列何者不是屬於可申請變更的項目？,產品中文或原文名稱變更,申請廠商名稱變更,增加製造工廠,增加保健功效宣稱,D,
113,2024/10/19,保健食品概論,16,關於國人膳食營養素參考攝取量之敘述，下列何者正確？,根據實證科學之證據，不可修訂標準值,DRIs 指的是人體所能耐受的最高劑量,EAR 是指滿足健康人群中80%的人的⼀日攝取量推算值,RDA 是指滿足特定年齡層及性別的健康人群中97%-98%的人⼀日所需要的攝取量,D,
113,2024/4/20,保健食品概論,17,"向衛生福利部申請健康食品查驗登記之案件，若功效評估試驗是人體食用研究，下列何者
不正確？",有營養師參與可免醫師參與,應有人體研究倫理審查委員會同意書,計畫書應有研究對象之實施方法及受試者體重、年齡、篩選條件等基本資料,應有每日飲食追蹤紀錄,A,
113,2024/10/19,保健食品概論,17,國內112年12月4日發布的「健康食品製造良好作業規範標準」正式施行日期為何？,112年12月4日,113年1月1日,114年1月1日,115年1月1日,C,
113,2024/4/20,保健食品概論,18,對保健食品需求之產生其背景主要是因為：,人們得到溫飽後對食品提出了新的需求,攝取食品不僅是為了從中獲取營養素維持生存，並期待具有調節機體生理活動的功能,高齡化與少子化之人口結構改變,以上皆是,D,
113,2024/10/19,保健食品概論,18,"衛福部食藥署 2021 年 5 月公告阿勃勒果實不得作為食品原料使用，2022 年 7 月 1 日生
效。下列敘述何者為非？",只限制國產品遵行,國產及進口產品⼀律需遵行,國產產品製造日期在生效日前，可繼續販賣至有效日期屆至,進口產品輸入日期在生效前，可繼續販賣至其有效日期屆至,A,
113,2024/4/20,保健食品概論,19,下列何者不是健康食品產品原料成分規格應遵守之項目？,申請資料之原料成分規格含量表，應包括所有原料及食品添加物之詳細名稱及含量,原料成分應對人體健康安全無害,"食品原料應為載於衛生福利部食品藥物管理署網站公布之「可供食品原料一覽表」
之品項",食品添加物之使用範圍及用量，應符合衛生福利部公告之規定 ,C,
113,2024/10/19,保健食品概論,19,有關申請健康食品查驗登記之安全評估，何者不正確？,產品之安全評估試驗，應依衛生福利部公告之健康食品安全評估方法進行,"產品之原料為傳統食用，且以通常加工食品形式供食者，得免依衛生福利部公告之
健康食品安全評估方法進行安全評估",得以主要功效原料取代食品全產品進行安全評估,所附之安全性評估報告應有試驗計畫主持人及試驗執行人簽名以示負責,C,
113,2024/4/20,保健食品概論,20,何者為衛生福利部公告不得作為食品原料之素材？,番瀉（Cassia angustifolia Vahl）葉,阿勃勒（Cassia fistula L.）果實,擬黑多刺蟻（Polyrhachis vicina Roger）蟲體,以基因改造啤酒酵母EFSC4687菌株發酵生產之食品原料反式白藜蘆醇（trans-resveratrol）,B,
113,2024/10/19,保健食品概論,20,當取得衛生福利部查驗登記許可之健康食品許可證逾有效期限，何者不正確？,逾期未申請展延者，原許可證自動失效,"得於期限屆至後六個月內，重新申請查驗登記，若中央主管機關未要求，得免附安
全評估報告","得於期限屆至後六個月內，重新申請查驗登記，若中央主管機關未要求，得免附保
健功效評估報告","得於期限屆至後六個月內，重新申請查驗登記，若中央主管機關未要求，得免繳審
查費 ",D,
113,2024/4/20,保健食品概論,21,何者不可供作為保健食品之原料？,可可豆殼,去除大麻二酚之大麻葉,番瀉葉,"人參 
B",B,
113,2024/10/19,保健食品概論,21,"向衛生福利部申請健康食品查驗登記之案件，有關其安全評估報告，下列何者並不屬於免
提毒性測試資料之要件？",相同原料配方之產品已取得健康食品查驗登記許可,產品之原料為傳統食用，且以通常加工食品形式供食,"產品具有完整之毒理學安全評估學術文獻報告及⻑期供食用之紀錄，且其原料組成
成分及製造過程與所提出之學術文獻報告相符","原料具有完整之毒理學安全評估學術文獻報告及⻑期供食用之紀錄，且其原料組成
成分及製造過程與所提出之學術文獻報告相符",A,
113,2024/4/20,保健食品概論,22,有關衛生福利部公告之健康食品之抗疲勞保健功評估方法，何者不正確？,針對抗運動疲勞,可採用動物游泳至無力溺水的試驗模試,人體食用研究的受試者必須是相近生理年齡層,可依試驗內容及結果申請宣稱「有於於促進運動後疲勞消除」,D,
113,2024/10/19,保健食品概論,22,"可向衛生福利部食品藥管理署申請保健食品優良製造作業（GMP）自願性驗證的業者條
件，何者錯誤？",具工廠登記，並於食品藥物業者登錄平台登載為保健營養食品製造業,取得衛生福利部食品藥管理署辦理之食品衛生安全管理系統驗證（又稱第二級品管）,"製造申請產品型態之業者，或僅執行非直接包覆內容物之裝盒、裝箱或貼標等簡單
製程者皆可申請","申請者之產品外包裝標示具有保健或營養訴求之指標成分及含量，其指標成分應與
產品訴求及成分具合理關聯性",C,
113,2024/4/20,保健食品概論,23,"下列有關肉毒桿菌中毒之敘述何者是錯誤的組合：a.中毒死亡率占所有細菌性食品中毒第
1位，b.嚴重時因腎臟衰竭死亡，c.肉毒桿菌毒素耐熱，高溫無法破壞",ab,bc,ac,以上皆非,B,
113,2024/10/19,保健食品概論,23,"保健食品採小包裝販售，外包裝之最大表面積不足二十平方公分，且未採用「QR Code」
或其他電子化方式揭露食品資訊者，可免標示何項資訊？",國內負責廠商名稱,內容物名稱,有效日期,過敏原等醒語資訊,B,
113,2024/4/20,保健食品概論,24,"下列有關赭麴毒素（ochratoxin）之敘述，何者是正確的組合？ a.分為 A、B、C 三種，
其中以 A 毒性最強，b.可受到高溫破壞，c.具有腎臟毒性",ab,bc,ac,abc ,D,
113,2024/10/19,保健食品概論,24,何者為保健食品標示、宣傳或廣告內容通常可使用，符合食品安全衛生管理法之詞句？,增強記憶力,溫肺化痰,調整內分泌,調整體質,D,
113,2024/4/20,保健食品概論,25,"下列有關萊克多巴胺之敘述何者是錯誤的組合？ a.豬之肌肉及脂（含皮）殘留容許量 0.1 
ppm，b.具有促進肌肉合成，抑制脂肪蓄積的作用，c.每日可接受攝取量（ADI）為 10微
克/公斤/天",ab,bc,ac,以上皆錯,C,
113,2024/10/19,保健食品概論,25,可供食品使用原料冬蟲夏草菌絲體之使用限制及標示規定，下列何者正確？,應加註「本產品為中藥材冬蟲夏草之製品」,應標示菌株之中文名稱及拉丁學名,應完整之「冬蟲夏草菌絲體」七個字，其中「冬蟲夏草」四個字，應特別放大字體,不得單⼀原料使用 ,B,
113,2024/4/20,保健食品概論,26,"下列有關諾羅病毒之敘述，何者是正確的組合？ a.主要透過糞口途徑傳染，b.能長時間存
活於患者的嘔吐物及糞便中，c.病毒顆粒非常少量（約 1∼10個）即可致病",ab,bc,ac,abc,D,
113,2024/10/19,保健食品概論,26,國內獲健食字號的茶飲料產品，下列何項非產品申請的保健功能？,調節血脂,不易形成體脂肪,促進鐵吸收,胃腸功能改善,C,
113,2024/4/20,保健食品概論,27,"下列有關澱粉類食物油炸後會產生的毒性物質之敘述，何者是正確的組合？ a.多氯聯
苯，b.順丁烯二酸酐，c.丙烯醯胺",ab,bc,ac,以上皆非,D,
113,2024/10/19,保健食品概論,27,下列何種保健食品尚未獲得健康食品之護肝功能認證？,乳酸菌,牛磺酸,肝醣,人參皂苷,A,
113,2024/4/20,保健食品概論,28,"下列有關軟骨藻酸（domoic acid ）造成的貝類中毒之敘述，何者是正確的組合？ a.來源
為矽藻 Pseudonitzschia pungens，b.引起短期記憶喪失，c.引起運動神經麻痺",ab,bc,ac,abc,A,
113,2024/10/19,保健食品概論,28,健康食品產品配方依每日建議攝取量，所含之外加精緻糖之限量為何？,50公克,25公克,17公克,10公克,B,
113,2024/4/20,保健食品概論,29,健康食品之許可證於有效期間內，中央機關得以重新評估之項目：,科學研究對該產品之功效發生疑義,產品之成分，配方，生產方是受到質疑,其他經食品衛生機關認定有必要時,以上皆是,D,
113,2024/10/19,保健食品概論,29,"以下何者是應依食品安全衛生管理法第21條及衛生福利部公司之應申請查驗登記並發給
許可文件，始得製造、輸入之特殊營養食品？",1歲以下之嬰兒奶粉,嬰兒米精,嬰兒用維生素,幼兒奶粉,A,
113,2024/4/20,保健食品概論,30,目前健康食品公告之保健功效評估方法有？,改善心臟功能,改善胃腸功能,改善肝膽脾功能,改善泌尿道功能,B,
113,2024/10/19,保健食品概論,30,⼀般未經衛生署認證通過的保健食品可以標示為：,健康食品,康健食品,保健，營養食品,健康營養食品,A,
113,2024/4/20,保健食品概論,31,若資料齊全，審查確認無問題，一般健康食品審查一軌需要時間為：,30天,60天,180天,一年,C,
113,2024/10/19,保健食品概論,31,衛生署制定的健康食品標示圖上不含以下何者？,健康食品字樣,衛署健食字號,GMP 標幟,小綠人標幟 ,C,
113,2024/4/20,保健食品概論,32,何者沒有減重及體重維持的功效？,輔酵素 Q10,中鏈脂肪,茶多酚,幾丁聚醣,A,
113,2024/10/19,保健食品概論,32,以下何者不是健康食品可以宣稱之保健功效？,"攝取某種健康食品後，其中特定營養素、特定成分或該食品對人體生理結構或生理
機能之影響",該特定營養素，特定成分或該食品對人體生理結構或生理機能之影響,"可補充人體缺乏之營養素時，宣稱該食品具有預防或改善與該營養素相關疾病之功
效",含特定營養素，特定成分或該食品對特定疾病有治療或矯正之功效,D,
113,2024/4/20,保健食品概論,33,台灣特有原生真菌且護肝功效卓越，因此成為陸客來台指定之伴手禮是？,靈芝,紅麴,蟲草,樟芝,D,
113,2024/10/19,保健食品概論,33,"常見食品安全性評估的毒性試驗方法包括 a.基因毒性試驗，b.28天餵食毒性試驗，c.90 天
餵食毒性試驗，d.致畸試驗，e.致癌性試驗等，若是某健康食品之原料非屬傳統食用者，
應檢具何種毒性測試資料進行安全性評估？",acd,bce,abc,ce,A,
113,2024/4/20,保健食品概論,34,近 10年來我國保健食品產業蓬勃發展的主要原因？,業者積極研發新產品,注重科學實證依據,積極與消費者溝通,以上皆是,D,
113,2024/10/19,保健食品概論,34,以下何種天然毒素不屬於蛋白質類？,肉毒桿菌（Botulinum toxin）,葡萄球菌毒素,腹瀉型仙人掌桿菌毒素（Bacillus cereus）,河豚毒（tetrodotoxin）,D,
113,2024/4/20,保健食品概論,35,下列有關麻痺性貝類中毒（paralytic shellfish poisoning）之敘述，何者錯誤？,會引起呼吸困難,屬神經毒素,由於貝類本身之 saxitoxin 類毒素所引起,"目前無特殊解毒劑可用 
 
  
B",C,
113,2024/10/19,保健食品概論,35,下列對於＂急性毒性試驗＂之相關敘述何者有誤？,可求得LD50數值,主要觀察實驗動物之死亡反應,所需的實驗時間短,可求得ADI 數值,D,
113,2024/4/20,保健食品概論,36,下列有關 3-單氯丙二醇（3-MCPD）之敘述何者錯誤？,化學醬油製備過程之副產物,已知為人類癌症物,3-MCPD 含量限量標準為 0.4 ppm,以上皆非,C,
113,2024/10/19,保健食品概論,36,目前我國規定牛樟芝原料或產品應進行下列何種重複劑量毒性試驗？,21天亞急毒性,28天亞急毒性,90天亞慢毒性,慢毒性 ,C,
113,2024/4/20,保健食品概論,37,健康食品之原料非屬傳統食用者須進行下列何種毒性試驗？,基因毒性,90天餵食毒性,致畸性,以上皆是,D,
113,2024/10/19,保健食品概論,37,"有些食物或保健食品過量服用可能會增強抗凝血劑的藥效，而增加出血的風險，例如下列
何者？",菠菜,高劑量維生素C,銀杏,輔酶Q10,C,
113,2024/4/20,保健食品概論,38,保健食品牛樟芝固態培養菌絲體膠囊，申請健康食品認證，安全性評估應屬第幾類？,第一類,第二類,第三類,第四類,C,
113,2024/10/19,保健食品概論,38,下列有關苯甲酸（benzoic acid）之敘述何者錯誤？,為食品防腐劑,可限量使用於烏魚子、魚貝類乾製品,可限量使用於鮮果及果菜之外皮,可限量使用於膠囊狀、錠狀食品,C,
113,2024/4/20,保健食品概論,39,四季豆與豌豆夾因含有下列何種物質，未經烹煮容易導致消化不良？,豆類蛋白,粗纖維,皂素,生物鹼,C,
113,2024/10/19,保健食品概論,39,下列有關食品污染物橘黴素（citrinin）之敘述何者為正確？,屬於⼀級代謝產物,具肝腎毒性,為人類致癌物,以上皆非,B,
113,2024/4/20,保健食品概論,40,"現有化學物質或毒素，分別為 a.戴奧辛 b.黃麴毒素 c.鎘化合物 d.河豚毒素，下列何者已
知為人類致癌物？",a,ab,abc,abcd,C,
113,2024/10/19,保健食品概論,40,"橙劑（Agent Orange）為越戰期間美軍施用之落葉劑，嚴重汙染環境也使得農漁作物受汙
染，可能是因橙劑中含有的不純物所致。此不純物為下列何種環境污染物？",多氯呋喃,戴奧辛,三氯⼄烯,三氯甲烷,B,
113,2024/4/20,保健食品概論,41,下列關於「食品添加物」之敘述，何者是錯誤的？,採正面表列方式管理,以達到使用目的之最小量為限制,會致癌之物質得作為食品添加物，但有限量及使用範圍,我國訂有食品添加物使用範圍及限量暨規格標準 ,C,
113,2024/10/19,保健食品概論,41,"會汙染飲水和食物的含氯碳氫化合物如多氯聯苯具有的特性和對人類的影響，下列何者
為正確組合？ a.具親水性，b.致癌性，c.內分泌干擾性",ab,bc,ac,abc ,B,
113,2024/4/20,保健食品概論,42,長期大量食用胡蘿蔔（紅蘿蔔），皮膚會因色素沉澱而變黃，這是因為何種物質之故？,維生素 A,維生素 B,維生素 C,維生素 D,A,
113,2024/10/19,保健食品概論,42,苦杏仁因含有苦杏仁苷可能會引起何種中毒情形？,凝集素,毒蛋白,亞硝酸鹽,氰化物,D,
113,2024/4/20,保健食品概論,43,關於含大麻二酚的食品，下列何種敘述是錯誤的？,大麻為我國毒品危害防制條例管制之項目,大麻二酚於食品我國訂有嚴格限量標準,醫療使用如僅以大麻二酚為成分者，不屬於管制藥品,大麻屬於第二級毒品及管制藥品,B,
113,2024/10/19,保健食品概論,43,"下列哪些微生物汙染會造成食品中毒？ a.腸炎弧菌，b.單核球增多性李斯特菌，c. A型肝
炎病毒",ab,bc,ac,abc,A,
113,2024/4/20,保健食品概論,44,要如何預防或減少從食物中吃到戴奧辛，世界衛生組織建議下列何者？,減少動物性脂肪的攝取,減少乳製品的攝取,減少蛋類的攝取,減少加工食品的攝取,A,
113,2024/10/19,保健食品概論,44,"下列有關組織胺（Histamine）中毒之敘述，何者是正確的組合？ a.於腐敗水產魚肉中相
當常見，b.充分烹煮可消除，c.也被稱為鯖科魚類中毒症",ab,bc,ac,abc,C,
113,2024/4/20,保健食品概論,45,我國引起肉毒桿菌食品中毒主要為何種受汙染的食品？,乳製品,鮮蛋,火腿等肉類加工品,澱粉類製品,C,
113,2024/10/19,保健食品概論,45,"下列有關食品著色劑-銅葉綠素/銅葉綠素鈉之敘述，何者是正確的組合？ a.銅葉綠素屬於
脂溶性，b.銅葉綠素鈉是屬於水溶性，c.銅葉綠素鈉可添加於食用油品但有限量規定",ab,bc,ac,abc,A,
113,2024/4/20,保健食品概論,46,"依規定，在多環芳香族碳氫化合物（PAHs）中，已知致癌性最強且是優先為食品中之建
議監測指標值？",多氯聯苯（polychlorinated biphenyl）,苯(a)駢芘（benzo(a)pyrene）,"四氯聯苯戴奧辛（2,3,7,8-TCDD）",雙對氯苯基三氯乙烷（DDT）,B,
113,2024/10/19,保健食品概論,46,裸蓋菇屬（Psilocybe）蕈類誤食會引起下列何種主要症狀？,流產,急性腎損傷,幻覺,心律不整,C,
113,2024/4/20,保健食品概論,47,下列何者是決定物質毒性影響人體健康的最重要因素？,暴露時間,劑量,年齡,健康狀態 ,B,
113,2024/10/19,保健食品概論,47,發芽的馬鈴薯不建議食用是因發芽馬鈴薯會生成何種有毒物質？,強心苷配醣體,龍葵鹼,吡咯利啶生物鹼,氰甙,B,
113,2024/4/20,保健食品概論,48,"起雲劑是一種食品添加劑，用於增加食物黏稠與白霧感覺，但 2011年台灣曾爆發以何種
物質替代為起雲劑原料而引起食安危機？",有機氯類化合物,鄰苯二甲酸酯鹽類化合物,有機磷類化合物,雌二醇類化合物,B,
113,2024/10/19,保健食品概論,48,"下列何種物質可被人體正常代謝氧化成水和二氧化碳，對人體毒性低且不影響食品味道，
是許多高價食品首選防腐劑？",二丁基羥基甲苯,維生素E,己二烯酸,甘露醇,C,
113,2024/4/20,保健食品概論,49,"依據健康食品安全評估方法，下列何種測試是要確認所測定的劑量是否屬於無不良影響劑
量（No-Observed-Adverse-Effect Level, NOAEL）範圍？",微生物基因突變分析,動物體內基因毒性分析,動物急毒性試驗,28天餵食毒性試驗,D,
113,2024/10/19,保健食品概論,49,含有腐植酸等有機汙染物的水體在加氯消毒過程中可能會產生下列何種有害物質？,三丁基錫,甲基汞,六氯酚,三氯甲烷,D,
113,2024/4/20,保健食品概論,50,"依據健康食品安全評估方法，動物試驗採用口胃管餵食時之體積每次應在多少 mL/kg 動
物體重以下？",1,5,10,20,C,
113,2024/10/19,保健食品概論,50,"依據健康食品安全評估方法，體外哺乳類細胞的染色體異常分析時若無觀察到細胞毒性，
則以多少mg/mL作為最高濃度？",1,5,10,15,B,
113,2024/4/20,保健食品概論,51,被視為保健食品之紅麴產品，但可能有下列何種黴菌毒素殘留，因此政府訂有限量規範？,新月毒素,橘黴素,麥角生物鹼,黃麴毒素,B,
113,2024/10/19,保健食品概論,51,台灣曾發生之烏腳病，是因飲用含高濃度何種物質之地下水所導致？,銅,砷,鋰,三氯⼄烯,B,
113,2024/4/20,保健食品概論,52,下列何種產品或原料屬健康食品安全評估之第三類？,靈芝粉,牛樟芝萃取物,人蔘萃取物,五味子,B,
113,2024/10/19,保健食品概論,52,下列關於「高麗菜」與骨骼關係之敘述，何者是錯誤的？,富含有維生素A,可幫助鈣質吸收,可幫助維生素D吸收,可促進骨骼的新陳代謝,A,
113,2024/4/20,保健食品概論,53,台灣曾於 2013年發生廠商將何種色素物質違法添加至橄欖油產品以掩飾油品不純問題？,紅甜菜色素,銅葉綠素,類胡蘿蔔素,梔子綠色素,B,
113,2024/10/19,保健食品概論,53,"依據食品法規定，食品業者應取得衛生安全管理系統之驗證，下列有關目前應符合驗證的
具工廠登記之業別之敘述何者錯誤？",乳品加工,食品添加物,特殊營養食品,水產罐頭加工,D,
113,2024/4/20,保健食品概論,54,"有些人工甜味劑（代糖）被質疑有致癌風險，但目前國際上仍可限量使用，下列何者被美
國 FDA 歸屬為公認安全（GRAS）而屬相對安全的甜味劑？",糖精,阿斯巴甜,甜菊糖,蔗糖素,C,
113,2024/10/19,保健食品概論,54,有關食品衛生安全管理系統驗證之敘述，下列何者是最正確的？,屬於單⼀食品的驗證,透過國際認證的驗證機構執行,屬於無產品抽驗,屬於食品衛生安全的監督系統,C,
113,2024/4/20,保健食品概論,55,有關九層塔之敘述，下列何者錯誤？,九層塔含黃樟素，食用可能致癌,黃樟素被 IARC 歸為 2B 類致癌物,年長者不建議太常吃九層塔,高溫會迫害所含維生素，應避免高溫與長時間烹調,A,
113,2024/10/19,保健食品概論,55,劣質精製豬油的何種成分可做為食用豬油之健康危害指標之⼀？,不飽和脂肪醛,不飽和脂肪酸,不飽和脂肪醇,不飽和脂肪醚,A,
113,2024/4/20,保健食品概論,56,下類何種菇類為有毒，誤食可能造成胃腸道刺激作用甚至導致胃腸道出血？,雞肉絲菇,綠褶菇,白色雨傘菇,羊肚菌,B,
113,2024/10/19,保健食品概論,56,"下列何種重金屬曾引起大規模中毒事件（日本水俁病），我國已針對各類魚產品訂有此重
金屬限量規範？",甲基汞,氯化鎘,三丁基錫,三氧化鉻,A,
113,2024/4/20,保健食品概論,57,在台灣曾經發生過之減肥菜（守宮木）中毒事件，其主要之毒性標的器官為下列何者？,腦部,心臟,肺臟,腎臟,C,
113,2024/10/19,保健食品概論,57,"符合目前已公告的健康食品規格標準（第二軌），無需進行保健功效評估試驗及安全試驗，
為下列何者？",魚油,益生菌,大豆異黃酮,膳食纖維 ,A,
113,2024/4/20,保健食品概論,58,我國規定過氧化氫可使用於食品作為殺菌用，下列有關過氧化氫之敘述何者錯誤？,可使用於麵粉及其製品，但有限量規定,人體腸道細胞之觸酶可將其分解,食品加工使用須符合食品添加物之相關規定,無相關每人每日容許攝取量（ADI）之資訊,A,
113,2024/10/19,保健食品概論,58,"發生疑似食品中毒事件，醫療機構應依食品安全衛生管理法第六條規定於多久時間內向
當地主管機關報告？",8小時,12小時,24小時,48小時,C,
113,2024/4/20,保健食品概論,59,"台灣曾有民眾誤用狀似山藥之植物塊莖烹煮排骨湯，食用後出現嘔吐、暈眩等症狀，請問
這是何種植物？",假山藥薯,大苦薯,瑞典蕪菁,姑婆芋,B,
113,2024/10/19,保健食品概論,59,非經傳統方式萃取、濃縮之傳統食用原料，健康食品安全性評估應歸類為何？,第⼀類,第二類,第三類,第四類,B,
113,2024/4/20,保健食品概論,60,"使用食物真空機包裝食物就不會壞嗎？事實上它對於某些細菌可能沒效，反而會助長繁
殖，但除了哪種細菌例外？",酵母菌,大腸桿菌,產氣莢膜桿菌,肉毒桿菌,A,
113,2024/10/19,保健食品概論,60,不肖商人為魚體保鮮或做為食品漂白劑，會使用下列何種工業用化學物質？,己二烯酸,吊白塊,苯甲酸,⼄烯二胺四醋酸二鈉,B,
113,2024/4/20,保健食品概論,61,有關中央型肥胖與其他疾病形成原因之敘述，下列何者正確？,腹部脂肪受雌激素影響造成女性肥胖,腹部脂肪釋出荷爾蒙取代胰島素造成糖尿病,腹部脂肪進入肝臟改變脂蛋白代謝造成高血脂,腹部脂肪排入循環系統造成心臟病,C,
113,2024/10/19,保健食品概論,61,食物中脂質酸敗的主要原因是暴露於：,熱及氧氣中,螢光燈照明,冷凍溫度,濃縮添加劑,A,
113,2024/4/20,保健食品概論,62,母乳哺育是提供嬰兒健康和生長發育的最佳餵食方式，對母親的好處以下何者正確？,泌乳激素刺激子宮收縮，有助身體恢復,建議純母乳哺餵 3個月，省錢又方便,母親乳癌和卵巢癌的風險較低,不論餵多少，哺乳期都不會懷孕,C,
113,2024/10/19,保健食品概論,62,哪⼀類食物未充分煮熟會含有紅血球凝集素，影響腸道吸收功能？,葉菜類,根莖類,穀類,豆類,D,
113,2024/4/20,保健食品概論,63,花生四烯酸可以衍生成下列何種與發炎反應有關的物質？,腎上腺素,前列腺素,血清素,生長激素,B,
113,2024/10/19,保健食品概論,63,維生素K缺乏最常見於下列那個族群？,新生兒,兒童,青少年,老年人 ,A,
113,2024/4/20,保健食品概論,64,"硒通常以硒半胱胺酸（selenocysteine）之型態構成酵素或蛋白質之組成成分，下列何者不
屬於硒半胱胺酸蛋白質？",glutathione reductase,thioredoxin reductase,selenoprotein,5-indothyronine deiodinase,A,
113,2024/10/19,保健食品概論,64,衛生署公告每人每天的總膳食纖維之建議攝取量，以下列何者最適當？,5-10 g,15-20 g,25-35 g,50 g以上,C,
113,2024/4/20,保健食品概論,65,下列何維生素與預防癌症最無關？,維生素 A,維生素 D,維生素 E,維生素 K,D,
113,2024/10/19,保健食品概論,65,研究顯示，服用下列何者可降低神經管缺陷的風險？,菸鹼酸,葉酸,維生素C,"維他命B 
12",B,
113,2024/4/20,保健食品概論,66,下列何者有利於「好的膽固醇」形成？,富含脂肪的魚類,富含脂肪的肉,富含碳水化合物的穀類,富含單元不飽和脂肪酸的油脂,D,
113,2024/10/19,保健食品概論,66,"每日飲食指南建議不吃乳品的全素者可從哪些食物得到充足的鈣質？ a.傳統豆腐等高鈣
豆製品 b.深色葉菜類 c.黑芝麻 d.鈣強化食品",ab,ad,abd,abcd,D,
113,2024/4/20,保健食品概論,67,絕食或糖尿病會造成血液偏酸性，是因為血液中哪一種物質增加？,遊離脂肪酸,遊離胺基酸,普林,酮體,D,
113,2024/10/19,保健食品概論,67,食物的組成會影響食物熱效應（TEF），以下TEF的比較何者正確？,脂肪＞碳水化合物,雞胸肉＞牛肉,番薯＞蛋白,少量多餐＞⼀頓大餐,B,
113,2024/4/20,保健食品概論,68,有關於醣類的生理功用，以下敘述何者錯誤？,節省蛋白質作用,葡萄糖是神經細胞主要的能量來源,糖醇吸收代謝比糖來的慢,纖維有助於預防便秘，所以吃越多越好,D,
113,2024/10/19,保健食品概論,68,全素者攝取以下哪些食物可避免鋅缺乏？ a.全榖 b.豆類 c.堅果 d.深色蔬菜,ab,abc,abd,abcd,B,
113,2024/4/20,保健食品概論,69,"「國人膳食營養素參考攝取量」第八版中建議一歲以上所有族群 Omega-3 脂肪酸攝取量
為總熱量的多少？",02-0.4%,0.3-0.5%,0.6-1.2%,2-3% ,C,
113,2024/10/19,保健食品概論,69,關於紅麴之敘述，下列何者為非？,其活性成分為monacolin K，可降血膽固醇,其化學結構與Statin藥物相近,可提高HMG-CoA reductase 活性,可預防心血管疾病,C,
113,2024/4/20,保健食品概論,70,下列何者非水溶性維生素的特性？,作為身體代謝反應中的輔酶,攝取過多可從腎臟排除,具熱穩定性,吸收率高於脂溶性維生素,C,
113,2024/10/19,保健食品概論,70,"DRIs 第八版訂定了慢性病風險降低攝取量（Chronic Disease Risk Reduction）之營養素為
何？",鈉,鋅,鎂,鐵,A,
113,2024/4/20,保健食品概論,71,下列何者對營養素熱量的描述是錯誤的？,維生素及礦物質無法提供熱量,酒精不是營養素所以不會產生熱量,醣類及蛋白質每公克所提供的熱量是一樣的,脂肪每公克可提供 9大卡熱量,B,
113,2024/10/19,保健食品概論,71,能量代謝和神經傳導所需的輔酶thiamine pyrophosphate為下列何種營養素之衍生物？,"維生素B 
1","維生素B 
2","維生素B 
6","維生素B 
12",A,
113,2024/4/20,保健食品概論,72,下列那一種油脂中的飽和脂肪酸最多？,豬油,牛油（beef tallow）,椰子油（coconut oil）,棕櫚油（palm oil）,C,
113,2024/10/19,保健食品概論,72,關於次亞麻油酸（linolenic acid）之敘述，下列何者錯誤？,為體內合成二十碳五烯酸（eicosapentaenoic acid）之原料,芥花油富含次亞麻油酸,由甲基端起算第⼀個雙鍵起始於第6個碳原子,有3個雙鍵,C,
113,2024/4/20,保健食品概論,73,過度飲酒會造成下列何種營養素吸收不良？,蛋白質,鈣磷鋅,維生素 D,以上皆是,D,
113,2024/10/19,保健食品概論,73,下列何者不是鎂之生理功能？,蛋白質合成,參與體內能量代謝相關之酵素反應,維持滲透壓,傳遞神經訊號至肌肉,C,
113,2024/4/20,保健食品概論,74,下列何種油脂為水溶性，只需極少量膽汁即可吸收並進入肝門循環？,中鏈脂肪酸,磷脂質,游離膽固醇,必需脂肪酸,A,
113,2024/10/19,保健食品概論,74,"素食飲食指標建議素食者多攝取菇類（如：香菇、杏鮑菇、珊瑚菇等），因栽培過程能合
成何種維生素？",維生素A,維生素D,維生素E,維生素K,B,
113,2024/4/20,保健食品概論,75,下列何者為胺基酸代謝後的主要廢棄物？,尿素,酮類,二氧化碳,氮 ,A,
113,2024/10/19,保健食品概論,75,下列何種狀況下身體呈現正氮平衡？,禁食,燒燙傷,蛋白質攝取不足,同化性荷爾蒙分泌增加 ,D,
113,2024/4/20,保健食品概論,76,下列何種胺基酸是玉米、大麥和白米等穀類之限制胺基酸？,甲硫胺酸（methionine）,離胺酸（lysine）,異白胺酸（isoleusine）,丙胺酸（alanine）,B,
113,2024/10/19,保健食品概論,76,關於寡醣類（oligosaccharides）何者為非？,又稱高聚糖,由3~10 個單醣分子聚合而成,部分寡糖可促進腸蠕動，進而改善便祕、腹瀉,棉籽糖（raffinose）是⼀種寡醣,A,
113,2024/4/20,保健食品概論,77,堅果種子類具有心血管保護作用與其所含的哪種成分無關？,單元不飽和脂肪酸,多元不飽和脂肪酸,植物固醇,膳食纖維,D,
113,2024/10/19,保健食品概論,77,"近年，許多報導關於飲食中抗氧化劑的重要性。以下那種維生素可以防止低密度脂蛋白的
氧化？",A,E,K,D,B,
113,2024/4/20,保健食品概論,78,下列何種脂肪酸可合成花生四烯酸（arachidonic acid）並轉換為前列腺素？,棕櫚酸（palmitic acid）,油酸（oleic acid）,亞麻油酸（linoleic acid）,次亞麻油酸（linolenic acid）,C,
113,2024/10/19,保健食品概論,78,弓形腿的孩子可能是缺乏下列何種維生素？,A,K,E,D,D,
113,2024/4/20,保健食品概論,79,關於鋅之敘述，下列何者錯誤？,13歲以上男性的鋅攝取量隨年齡增加,女性懷孕期間應增加鋅攝取量,女性哺乳期間應增加鋅攝取量,18歲以上男性的足夠攝取量為 15毫克,A,
113,2024/10/19,保健食品概論,79,⼀位⻑期服用抗生素的人，較易發生下列何種維生素的不足？,A,D,E,K,D,
113,2024/4/20,保健食品概論,80,下列何種營養素可提高胡蘿蔔素吸收率？,醣類,油脂,蛋白質,"維生素 A 
 
以 下 空 白",B,
113,2024/10/19,保健食品概論,80,⼀般建議，精製糖類以不超過總能量需求的多少為原則？,5%,10%,15%,"20% 
以 下 空 白",B,
113,2024/10/19,食品科學概論,1,有關澱粉加工特性的變化過程，下列程序何者正確？,生澱粉-澎潤-糊化-老化-凝膠-離水,生澱粉-澎潤-糊化-凝膠-離水-老化,生澱粉-糊化-澎潤-凝膠-離水-老化,生澱粉-離水-澎潤-糊化-凝膠-老化,B,
113,2024/4/20,食品科學概論,1,"食品安全監測計畫中，應就其成品或半成品，除一般法定項目外，尚需檢驗順丁烯二酸（酐）
的產品為何？",糖產品,麵粉產品,澱粉產品,植物性油脂產品,C,
113,2024/10/19,食品科學概論,2,有關清潔及消毒等化學物質及用具之管理規定，下列何者錯誤？,"病媒防治使用之環境用藥，應符合相關規定，並明確標示、存放於固定場所，且應
指定專人負責保管及記錄用量",食品作業場所除維護衛生所必須藥劑外，同時存放解毒及急救藥劑,有毒化學物質，應標明其毒性、使用及緊急處理,清潔、清洗及消毒機具，應有專用場所妥善保存,B,
113,2024/4/20,食品科學概論,2,殺菌液蛋不得檢出的微生物為何？,沙門氏菌,仙人掌桿菌,腸炎弧型菌,金黃色葡萄球菌,A,
113,2024/10/19,食品科學概論,3,在HACCP 申請驗證之作業流程中，提出申請時需要提供的資料包括下列？,符合法令和法律要求事項查核結果,必要的最新之系統文件,企業組織現況,以上皆正確,D,
113,2024/4/20,食品科學概論,3,得於常溫貯存及販賣的真空包裝即食食品，不包括下列何者？,水活性在 0.87以下,pH 在 9.0以上,經商業殺菌,天然酸性食品（pH4.6以下）,A,
113,2024/10/19,食品科學概論,4,下列何者為合法之食品添加物？,甜精,奶油黃,雙氧水,三聚氰胺,C,
113,2024/4/20,食品科學概論,4,食品販賣業者有販賣禽畜產食品者，除應依販賣業者一般規定外，下列規定何者錯誤？,該食品之陳列檯面，應採不易透水及耐腐蝕之材質，且須符合相關衛生標準之規定,販賣場所應有適當洗滌及排水設施,生鮮水產食品應以靜置自來水水槽處理，並避免污染販售之成品,禽畜水產食品之貯存、陳列、販賣，應以適當之溫度及時間管制,C,
113,2024/10/19,食品科學概論,5,以下何者可作為食品衛生之指標菌？,沙門氏菌,大腸桿菌,金黃色葡萄球菌,腸炎弧菌 ,B,
113,2024/4/20,食品科學概論,5,應辦理檢驗之食品業者，對其產品之主要檢驗項目，下列何者錯誤？,動物性油脂產品：重金屬、農藥殘留、總極性化合物、苯荓比,肉品加工產品：動物用藥殘留,麵粉：真菌毒素,麥類及燕麥產品：真菌毒素、農藥殘留 ,A,
113,2024/10/19,食品科學概論,6,下列何者為非准用之加工助劑：,己烷,乙醚,異丙醇,乙酸乙酯,B,
113,2024/4/20,食品科學概論,6,基因轉殖啤酒酵母可加速啤酒的發酵，下列何者為主要原因？,加強糖化作用,植入 alpha-澱粉水解酶,減低液化作用以加速發酵,增加限制型糊精水解效率,B,
113,2024/10/19,食品科學概論,7,"TQF 管理技術規範中有關洗手消毒室之規定，泡鞋池若使用氯化合物消毒劑，其游離餘
氯濃度應經常保持在多少 ppm 以上？",100,150,200,250,C,
113,2024/4/20,食品科學概論,7,目前實施的［食品中微生物衛生標準］對於［生鮮即食蔬果］的要求，下列何者正確？,大腸桿菌 100 MPN/g & 大腸桿菌 O157:H7陰性,腸桿菌科不得檢出&單核球增多性李斯特菌陰性,沙門氏菌陰性&單核球增多性李斯特菌陰性,腸炎弧菌陰性&單核球增多性李斯特菌陰性,C,
113,2024/10/19,食品科學概論,8,有關如醬油等利用基因改造大豆製造高層次加工食品的標示，下列何者錯誤？,本產品為基因改造大豆產品,本產品為基因改造大豆製造，但已不含基因改造成分,本產品不含基因改造成分，但加工原料中有基因改造大豆,本產品加工原料中有基因改造大豆，但已不含有基因改造成分,A,
113,2024/4/20,食品科學概論,8,黃金米（golden rice）是將何種基因植入稻米？,產生維生素 A 的基因,產生胡蘿蔔素的基因,產生維生素 B 群的基因,富含 alpha-澱粉水解酶活性基的基因,B,
113,2024/10/19,食品科學概論,9,有關食品香辛料的描述，下列何者不正確？,可改善質地,增強食品既有香氣與風味,可增強抗菌性,可增強抗氧化性,A,
113,2024/4/20,食品科學概論,9,"有關多環芳香烴（Polycyclic Aromatic Hydrocarbons, PAH）的描述，下列何者錯誤？",與燃燒不完全與高溫裂解有關,高溫烹調和煙燻食品建議小於 200 ppb,宜直接煙燻取代傳統液體煙燻以降低高溫加工時間,強致癌物,C,
113,2024/10/19,食品科學概論,10,有關雜環胺化合物的描述，下列何者錯誤？,主要由胺基酸轉化而來,葡萄糖也與其形成有關,與梅納反應有關,在250℃處理30 分鐘，魚肉的雜環胺化合物產生量較牛肉高,D,
113,2024/4/20,食品科學概論,10,有關酵素性褐變反應的描述，下列何者錯誤？,蝦類與菇類皆因酪胺酸酶引起,同時需要氧化酵素與氧氣存在,可偵測羥甲基糠醛（HMF）監測褐變程度,透過殺菁、調氣包裝等可減緩作用,C,
113,2024/10/19,食品科學概論,11,廠商進口芭樂汁，是否可以宣稱[非基因改造]產品？,可以，因為非故意攙雜率<3%,可以，因為芭樂汁屬於高層次加工品,不行，國際上並沒有基因改造芭樂,可自願標示 ,C,
113,2024/4/20,食品科學概論,11,在 121℃下，使細菌死滅 90%所需要的時間（分鐘），稱為：,F值,D 值,Z 值,Q 值 ,B,
113,2024/10/19,食品科學概論,12,氮氣是新增的食品添加物，其作用為下列何者？,食品工業用化學藥品,品質改良用、釀造用及食品製造用劑,載體,膨脹劑,B,
113,2024/4/20,食品科學概論,12,目前實施的［食品中微生物衛生標準］中對［殺菌液蛋］的要求事項，下列何者正確？,總生菌數小於 106 CFU/g,腸桿菌科不得檢出,沙門氏菌陰性,金黃色葡萄球菌陰性,C,
113,2024/10/19,食品科學概論,13,有關HACCP 管理制度的敘述，下列何者錯誤？,能有效利用人力、物力資源,強調最終產品檢驗的管理方式,可作為國際食品相互認證的管理基準,可以有效抑制食品污染與危害的發生,B,
113,2024/4/20,食品科學概論,13,關於 HACCP 中，對於文件與紀錄之要求，下列何者錯誤？,所有 HACCP 計畫皆需文件化,可自行發行、更新及廢止文件，不須經負責人或其指定人簽署,紀錄經簽署後，還要註記日期，才為有效紀錄,所有紀錄皆應保存至產品有效日期後 5年以上,B,
113,2024/10/19,食品科學概論,14,請問關於食品作業場所的配對，何者錯誤？,原材料倉庫屬於一般作業區,成品貯存場屬於準清潔作業區,工廠辦公室屬於非食品處理區,產品內包裝室屬於清潔作業區,B,
113,2024/4/20,食品科學概論,14,以下哪一項不是 HACCP 的主要目的？,重視源頭管理,零缺點系統,風險分析,預防管制,B,
113,2024/10/19,食品科學概論,15,下列哪一項的配對是合法的？,硼砂-黃油麵,孔雀綠-蜜餞產品,乙烯二胺四醋酸二鈉-非酒精性飲料,鹽基性介黃-醃漬黃蘿蔔,C,
113,2024/4/20,食品科學概論,15,通常畜產品在收穫後比水產品更需要透過熟成讓肉質軟化，其主要原因為何？,畜產品自家消化速率較快,畜產品有較豐富的蛋白質,畜產品結締組織較多且緊密,畜產品水分含量較高,C,
113,2024/10/19,食品科學概論,16,食品安全驗證方案授權的驗證機構（Certification Body）為何？,財團法人食品工業發展研究所+財團法人中華穀類食品工業技術研究所,財團法人食品工業發展研究所+行政院農業委員會,財團法人中華穀類食品工業技術研究所+衛生福利部食品藥物管理署,財團法人食品工業發展研究所+行政院食品安全辦公室,A,
113,2024/4/20,食品科學概論,16,請問關於危害分析的敘述，以下那一項的描述不適宜？,產品描述，也可以以公司同質的產品類別作描述,小組成員不一定要選食品相關科系,預定用途不需要考量到使用者的狀態，如小朋友、老人、特殊疾病患者、孕婦等,小組成員之一一定要有公司負責人或其授權人,C,
113,2024/10/19,食品科學概論,17,食品添加物之製造業者及輸入業者，在每批檢驗重金屬時，應包含以下哪些項目？,單方食品添加物成品,複方食品添加物原材料,複方食品添加物成品,以上皆是,D,
113,2024/4/20,食品科學概論,17,下列何者歸類於食品添加物的［載體］項目？,丙二醇,三酸甘油酯,氫氣,無水碳酸鈉,A,
113,2024/10/19,食品科學概論,18,下列何者不是加工助劑的管理項目？,有准用許可字號,有產品登錄碼,有衛生標準,經去除、過濾或其他加工程序，在最終產品中不具功能,A,
113,2024/4/20,食品科學概論,18,依據食品安全衛生管理法之規定，下列敘述何者錯誤？,食品良好衛生規範準則之規範對象包括所有食品業者,食品安全管制系統之規範對象包括所有食品業者,食品良好衛生規範準則是有關食品作業場所、設施及品保制度之管理規定,食品安全管制系統是有關食品從原料至餐桌過程衛生安全之確保,B,
113,2024/10/19,食品科學概論,19,HACCP 系統中確認（Verification）項目的四大原則不包括下列何者？,人員,儀器,法規,紀錄,C,
113,2024/4/20,食品科學概論,19,"依據食品良好衛生規範準則，食品製造業者若非使用自來水，應針對淨水或消毒之效果指
定專人每日做下列那兩種測定，並做成紀錄？ 甲、pH 值； 乙、總生菌數量； 丙、有效
餘氯量； 丁、大腸桿菌群",甲乙,乙丙,甲丙,丙丁,C,
113,2024/10/19,食品科學概論,20,"中央主管機關對於管控安全風險程度較高之食品，得於其輸入前，實施系統性查核，目前
不包含哪項？",蛋品,乳製品,水產品,植物性油脂,D,
113,2024/4/20,食品科學概論,20,下列何者不是食品及食品原料應明顯標示之項目？,內容物名稱,食品添加物名稱,有效日期,國外製造廠商,D,
113,2024/10/19,食品科學概論,21,食品安全管理系統標準 ISO22000:2018 之架構（或稱要求事項）中不包括下列何者？,範圍,規範性引用標準,相互溝通,術語和定義,C,
113,2024/4/20,食品科學概論,21,"中央主管機關為配合農產品溯源制度納入農產品生產及驗證管理法管理，已陸續公告之產
品不包括下列哪一項？",農糧產品,林產品,畜禽水產品,寵物食品,D,
113,2024/10/19,食品科學概論,22,"接獲通報疑似食品中毒案件時，對於各該食品業者，得命其限期改善或派送相關食品從業
人員至各級主管機關認可之機關，接受至少幾小時之食品中毒防治衛生講習？",3,4,5,6,B,
113,2024/4/20,食品科學概論,22,水產品初級加工場管理辦法是由哪個主管機關制定？,行政院農業委員會,水產試驗所,衛生福利部,食品藥物管理署 ,A,
113,2024/10/19,食品科學概論,23,若考量水活性對雜環胺的生成特性，下列何種水活性值的食品可避免產生雜環胺？,0.1,0.3,0.6,0.8,B,
113,2024/4/20,食品科學概論,23,目前食品不得標示［健康］字樣於何處？,品名,內容物,營養標示,無限制,A,
113,2024/10/19,食品科學概論,24,HACCP 管制小組應確認本系統執行之有效性，每年至少進行幾次內部稽核？,1,2,3,4,A,
113,2024/4/20,食品科學概論,24,"保健營養食品 GMP 驗證，申請所需時間為自申請案受理之次日起，最慢幾個月內必須完
成驗證？",3個月,6個月,9個月,12個月,B,
113,2024/10/19,食品科學概論,25,"下列有關維生素的安定性之敘述，何者為正確之選項？ a.維生素B 僅於鹼性溶液中對熱
6
安定 b.有鐵鹽存在時，維生素 E 會被空氣快速氧化 c.維生素 B 對強酸、鹼及光線均安
12
定 d.菸鹼酸對酸、鹼、溫度、氧化劑、熱及光線均安定",ac,bd,cd,abd,B,
113,2024/4/20,食品科學概論,25,利用高效液相層析（HPLC）直接分析果汁中的有機酸含量，以下何者為較適合的檢測器？,可見光檢測器（visible detector）,螢光檢測器（FD）,火焰離子化檢測器（FID）,示差折射檢測器（RI）,D,
113,2024/10/19,食品科學概論,26,"有關天然色素的敘述，下列何者正確？ a.類葉黃素（xanthophyll）是屬於類胡蘿蔔素
（carotenoid）的一種 b.芸香素（rutin）是屬於類黃酮（flavonoid）的一種，與 Fe2+作用
會產生黑色 c.類胡蘿蔔素為水溶性色素 d.花青素（anthocyanin）在強酸性中會呈現藍色",ab,ac,bd,abc,A,
113,2024/4/20,食品科學概論,26,"利用分光光度法檢測肉品中亞硝酸鹽含量，檢液製備中加入亞鐵氰化鉀及醋酸鋅，其目的
是作為：",呈色劑,金屬螯合劑,脫油劑,蛋白質沉澱劑,D,
113,2024/10/19,食品科學概論,27,欲製備1 L 0.1 mol/L 的KOH溶液，需要從儲備液 18 mol/L的 KOH 溶液取用多少mL？,5.55,2.78,11.1,3.55,A,
113,2024/4/20,食品科學概論,27,下列何者與穩定蛋白質立體結構的力量無關？,離子鍵,凡得瓦爾力（Van der Waals' force）,共價鍵,氫鍵,A,
113,2024/10/19,食品科學概論,28,有關醣類結構特性之敘述，下列何者正確？,果糖的環狀結構為六環,甘露糖是一種六碳醛糖,半乳糖屬於酮糖,葡萄糖為左旋糖，旋光度為- 52.2度,B,
113,2024/4/20,食品科學概論,28,請問下列那一種食品膠體之來源不是高等植物？,原果膠,阿拉伯膠,三仙膠,關華豆膠 ,C,
113,2024/10/19,食品科學概論,29,漁獲物屠宰後生化變化直接影響到漁產品的鮮美程度，下列敘述何者有誤？,高度緊迫會加速進入僵直期,ATP 耗盡啟動死後僵直程序,肌肉組織軟化主要與肌原纖維蛋白降解有關,核苷酸和游離胺基酸對鮮甜味貢獻很大,C,
113,2024/4/20,食品科學概論,29,小麥磨粉後需經老化（aging）始具黏彈性，其主要形成何種鍵結的網狀結構？,共價鍵,雙硫鍵,氫鍵,疏水鍵,B,
113,2024/10/19,食品科學概論,30,肉品中的肌紅素受到硫化氫和氧氣影響形成硫肌紅素時，肉品會呈現什麼顏色？,綠色,紅色,橘色,棕色,A,
113,2024/4/20,食品科學概論,30,下列何者為貝類主要的鮮味成分？,麩胺酸鈉（monosodium glutamate）,5-次黃嘌呤核苷酸（5-inosinic monophosphate）,琥珀酸鈉（sodium succinate）,5-鳥糞嘌呤核苷酸（5-guanosine monophosphate）,C,
113,2024/10/19,食品科學概論,31,下列何者與油脂氧化酸敗的測定數值無關？,酸價,皂化價,過氧化價,TBA值,B,
113,2024/4/20,食品科學概論,31,"離子交換層析輔以管柱後茚三酮（ninhydrin）偵測法是定量胺基酸分析中最常使用的方法
之一，何者有誤？",會產生特徵性的紫色或黃色產物,大部分胺基酸呈紫色，最大吸收波長為 570 nm,離胺酸因側鏈上多了胺基，會呈黃色，最大吸收波長為440 nm,大部分胺基酸在 20~500 pmol呈線性關係,C,
113,2024/10/19,食品科學概論,32,"最近市面上流行的rTG（Re-esterified Triglyceride）魚油，宣稱其加工技術可提高 Omega-3
脂肪酸的濃度至80%以上，下列何者不是Omega-3脂肪酸？",Eicosapentaenoic acid,Pentadecylic acid,Docosahexaenoic acid,Linolenic acid,B,
113,2024/4/20,食品科學概論,32,"烏梅蜜餞 10克添加月桂酸 15 μg，經前處理以乙醚萃取得上層液 2 mL，取 1 μL 注入氣相
層析管柱得己二烯酸吸收峰面積為 36000，月桂酸吸收峰面積為 6000，上二者之校正因子
為 1，則烏梅含己二烯酸之量為？",90 mg/kg,45 mg/kg,9 mg/kg,4.5 mg/kg,C,
113,2024/10/19,食品科學概論,33,哪種水分分析法較適用於測定高糖高蛋白低水分的樣品？,紅外線水分計法,減壓加熱乾燥法,卡爾費雪法,蒸餾法 ,C,
113,2024/4/20,食品科學概論,33,有關電子捕獲檢測器（ECD）的描述，何者有誤？,有不錯的線性感應範圍,廣泛應用檢測農藥和殺蟲劑的殘留,對鹵素化合物和帶共軛雙鍵的化合物有很好的感應,優質的特異性和靈敏度 ,A,
113,2024/10/19,食品科學概論,34,除非經中央主管機關核准，罐頭食品不可添加下列何者？,甜味劑,著色劑,防腐劑,乳化劑,C,
113,2024/4/20,食品科學概論,34,有關生蛋蒸煮成茶葉蛋後之生化變化的描述何者正確？,破壞一級結構,更容易被消化,結晶性變強,溶解度上升,B,
113,2024/10/19,食品科學概論,35,"下列有關油脂之自氧化作用（autoxidation）的敘述，請選出正確的選項？ a.脂肪酸不飽
和程度愈高則愈容易發生自氧化作用 b.氧氣是油脂自氧化作用的基質之一 c.紅外線比紫
外線有較高的油脂自氧化催化能力 d.溫度愈高，自氧化作用的速率愈快",abcd,abc,abd,cd,C,
113,2024/4/20,食品科學概論,35,下列有關於蛋白質與其溶解度之配對何者有誤？,彈性蛋白（elastin）—難溶於水,穀膠蛋白（gliadin）—可溶於 70-90%酒精溶液，但不溶於水,白蛋白（albumin）—可溶於水以及稀鹽、稀酸或稀鹼溶液,肌紅蛋白（myoglobin）—可溶於水以及稀酸或稀鹼溶液,D,
113,2024/10/19,食品科學概論,36,"下列有關直鏈澱粉與支鏈澱粉的敘述，請選出正確之選項？ a.兩者均具有 α-1, 4及α-1, 6 
的鍵結 b.支鏈澱粉可包覆碘分子而顯現出藍色 c.支鏈澱粉和直鏈澱粉皆不溶於冷水中，
易有沉澱現象產生 d.支鏈澱粉膨脹性比直鏈澱粉大",ac,cd,bc,bcd,B,
113,2024/4/20,食品科學概論,36,澱粉糊化有三個階段，下列何者的順序正確？,不可逆吸水-可逆吸水-澱粉粒解體,可逆吸水-不可逆吸水-澱粉粒解體,不可逆吸水-澱粉粒解體-可逆吸水,可逆吸水-澱粉粒解體-不可逆吸水,B,
113,2024/10/19,食品科學概論,37,下列何者為正確的凱氏氮定量法的實驗步驟？,消化分解滴定蒸餾,消化分解蒸餾滴定,蒸餾消化分解滴定,滴定蒸餾消化分解,B,
113,2024/4/20,食品科學概論,37,"最近市面上流行的 rTG（Re-esterified Triglyceride）魚油，宣稱其加工技術可提高 Omega-3
脂肪酸的濃度至 80%以上，下列何者不是 Omega-3脂肪酸？",Eicosapentaenoic acid,Pentadecylic acid,Docosahexaenoic acid,Linolenic acid,B,
113,2024/10/19,食品科學概論,38,"水活性測定儀利用氣流吹過食品上方，再以冷金鏡（chilled gold mirror）量測流動氣流之
哪一種物理特性？",熔點（melting point）,露點（dew point）,揮發點（volatile point）,三相點（triple point） ,B,
113,2024/4/20,食品科學概論,38,"依據我國「食品添加物使用範圍及限量暨規格標準」之規定，銅葉綠素鈉不得添加於下列
何種食品？",烘焙食品,油類食品,錠狀食品,蔬菜及水果之貯藏品,B,
113,2024/10/19,食品科學概論,39,下列何種氣相層析儀偵測器最適合測定有機氯農藥之殘留？,電子捕捉偵測器（ECD）,熱傳導型偵測器（TCD）,火焰離子偵測器（FID）,火焰光度偵測器（FPD）,A,
113,2024/4/20,食品科學概論,39,臺灣食品營養標示法規規範得免營養標示之包裝食品中，不包括下列何者？,衛生冰塊,礦泉水,電解水,鹽 ,C,
113,2024/10/19,食品科學概論,40,"樣品利用螢光光度計分析雞蛋中維生素 B 含量，設定的激發光波長及螢光檢測波長分別
2
為？",458 nm，606 nm,440 nm，565 nm,365 nm，435 nm,330 nm，436 nm,B,
113,2024/4/20,食品科學概論,40,我國規範檢驗食品中動物用藥殘留之 21項乙型受體素中，不包含下列何者？,孔雀綠（Aniline green）,萊克多巴胺（Ractopamine）,西布特羅（Cimbuterol）,克倫特羅（Clenbuterol）,A,
113,2024/10/19,食品科學概論,41,有關蛋白質變性之敘述，下列何者錯誤？,蛋白質變性後溶解度會降低,蛋白質在低溫下易受冰晶影響而變性,蛋白質變性可能為可逆反應亦可能為不可逆反應,蛋白質變性主要是因一級結構被破壞所導致,D,
113,2024/4/20,食品科學概論,41,有關油脂加工製造的氫化技術敘述，下列何者錯誤？,使油脂熔點提高、增加可塑性,使油脂之飽和單鍵（C-C）轉為不飽和雙鍵（C=C）,通常需要在高壓下行氫化作用,通常需要金屬當催化劑,B,
113,2024/10/19,食品科學概論,42,煮飯時若水分不足，容易無法煮熟，其主要原因是？,澎潤溫度降低,老化溫度升高,糊化溫度提高,不可逆吸水溫度降低,C,
113,2024/4/20,食品科學概論,42,有關營養標示中熱量的計算方式，下列何者錯誤？,以計算加總獲得,碳水化合物項下標示膳食纖維者，其膳食纖維熱量可忽略不計,有機酸之熱量得以每公克 3大卡計算,每份熱量計算方式，可以用每一百公克（或毫升）的熱量換算之,B,
113,2024/10/19,食品科學概論,43,"亞硝酸鹽為食品添加物，常被使用於香腸、臘肉、火腿、培根等食物中，下列敘述何者有
誤？",與肌紅素形成氧化氮肌紅素（nitrosomyoglobin）,主要與一級胺形成致癌物亞硝胺（nitrosoamine）,可抑制肉毒桿菌生長,在食品添加物的分類為保色劑 ,B,
113,2024/4/20,食品科學概論,43,欲製備 1 L 0.1 mol/L 的 KOH 溶液，需要從儲備液 18 mol/L 的 KOH 溶液取用多少 mL？,5.55,2.78,11.1,3.55,A,
113,2024/10/19,食品科學概論,44,以下何者不是油脂檢驗與品質鑑定的常見指標？,過氧化價（peroxide value）,共軛雙烯量（conjugated diene）,單酸甘油酯量（monoglyceride）,活性氧方法（active oxygen method）,C,
113,2024/4/20,食品科學概論,44,吸濕性較大的糖（ ）適合用於烘焙食品以延緩澱粉的（ ）作用？,葡萄糖，糊化,甘露糖，老化,轉化糖，老化,果糖，糊化,C,
113,2024/10/19,食品科學概論,45,魚漿煉製品和貢丸產品加工擂潰是針對何種蛋白質？,水溶性蛋白質,鹽溶性蛋白質,膠原蛋白,結締組織,B,
113,2024/4/20,食品科學概論,45,有關類類胡蘿蔔素敘述何者有誤？,自然界以反式比例較高,可能因高溫氧化引起異構化,順式：反式為 1：2時，人體吸收率較佳,存在不飽和油脂含量高的食品時，受高溫破壞越明顯 ,C,
113,2024/10/19,食品科學概論,46,"在食品加工上，脂解酶（lipase）可在何種環境下透過酯化／交酯化而生合成富含風味的
酯類？",低水活性,低脂溶性,高溫,低有機溶劑,A,
113,2024/4/20,食品科學概論,46,漁獲物屠宰後生化變化直接影響到漁產品的鮮美程度，下列敘述何者有誤？,高度緊迫會加速進入僵直期,ATP 耗盡啟動死後僵直程序,肌肉組織軟化主要與肌原纖維蛋白降解有關,核苷酸和游離胺基酸對鮮甜味貢獻很大,C,
113,2024/10/19,食品科學概論,47,有關電子自旋共振（ESR）分析的描述，何者有誤？,檢測自由基,檢測三重態分子,樣品水分太低會干擾共振效果,檢測順磁性金屬離子,C,
113,2024/4/20,食品科學概論,47,以下何者不是巧克力引起糖霜（sugar/fat bloom）的常見因素？,調溫不完全，缺乏穩定的結晶態,巧克力冷卻時相對濕度低導致乾燥速率不一,儲存溫度變動過大,"醣類結晶析出 
A",B,
113,2024/10/19,食品科學概論,48,有關感應耦合電漿發射光譜法（ICP-AES）的描述，電漿火焰主要為下列何種氣體？,氫氣,氬氣,氦氣,氧氣,B,
113,2024/4/20,食品科學概論,48,脂肪酸丙二醇酯為親脂性食品乳化劑，其應用的功能不包含以下哪項？,產品體積不變,因酯類取代油脂降低熱量而減少肥胖產生,增加蛋糕保水力,讓脂肪在蛋糕糊中均勻分布,B,
113,2024/10/19,食品科學概論,49,營養標示中[碳水化合物]的計算方式？,100(%)-蛋白質(%)-脂肪(%)-水分(%)-灰分(%),100(%)-蛋白質(%)-脂肪(%)-水分(%)-粗纖維(%),100(%)-總熱量(%)-蛋白質(%)-脂肪(%)-水分(%)-灰分(%),100(%)-蛋白質(%)-脂肪(%)-水分(%)-灰分(%)-維生素與礦物質(%) ,A,
113,2024/4/20,食品科學概論,49,不當減重時，身體會產生酮酸中毒症。導致此症狀是因下列何種狀況？,無糖可代謝，熱能改由脂肪供應,糖類代謝旺盛,神經病變,食用過多酮糖,A,
113,2024/10/19,食品科學概論,50,"近期食品安全事件中於辣椒粉中驗出蘇丹紅色素，在公告方法中以液相層析串聯質譜儀方
法測得蘇丹紅一號之定量離子對為下列何者？",m/z 277 > m/z 156,m/z 381 > m/z 224,m/z 249 > m/z 128,m/z 353 > 3 m/z 156,C,
113,2024/4/20,食品科學概論,50,紅肉與白肉有不同的肉品利用價值，何者對紅肉敘述有誤？,適合短暫劇烈性運動,較高氧化型代謝反應,粒線體數目較多,脂肪含量較高,A,
113,2024/10/19,食品科學概論,51,大豆沙拉油經那一種加工處理，最容易產生反式脂肪酸？,脫膠,漂白,冬化,氫化,D,
113,2024/4/20,食品科學概論,51,對於傳統果蔬罐頭的製造步驟，下列製作順序何者正確？,脫氣密封充填殺菌,脫氣充填密封殺菌,充填密封脫氣殺菌,充填脫氣密封殺菌,D,
113,2024/10/19,食品科學概論,52,下列何者不是蛋白質的測定方法：,凱氏定氮法,雙縮脲法,碘量法,福林酚法,C,
113,2024/4/20,食品科學概論,52,市售魚丸的製程中，下列哪個製程可去除酵素、胺、尿素等具腥臭味之物質？,水漂,擂潰,除筋,加熱成形,A,
113,2024/10/19,食品科學概論,53,下列何者適合用來評估長時間高溫油炸油的氧化指標？,皂化價,極性物質含量,過氧化價,碘價,B,
113,2024/4/20,食品科學概論,53,"一般冷凍調理食品依法規規定需於攝氏幾度下貯藏，可防止微生物、酵素與化學反應的品
質劣化？",0 ℃,-10 ℃,-12 ℃,-18 ℃,D,
113,2024/10/19,食品科學概論,54,下列何種胺基酸分子含有硫元素？,半胱胺酸（cysteine）,白胺酸（leucine）,酪胺酸（tyrosine）,組胺酸（histidine）,A,
113,2024/4/20,食品科學概論,54,"採用特殊的材料或裝置，在食品包裝後會與內部的空氣或包材產生交互作用，以達到延長
食品儲存期限的目的為下列何者？",智能包裝（Intelligent package）,智慧包裝（Smart package）,活性包裝（Active package）,互動式包裝（connected package）,C,
113,2024/10/19,食品科學概論,55,CNS 中規範的天然果汁合格品質標準之測定項目中，不包括下列何者？,灰分,粗蛋白含量,可溶性固形物,可滴定酸度 ,B,
113,2024/4/20,食品科學概論,55,組織化植物蛋白（俗稱人造肉）是利用下列那種加工技術製得？,奈米技術,膜處理技術,鼓型加工技術,擠壓加工技術,D,
113,2024/10/19,食品科學概論,56,"大陸三鹿毒奶粉食品安全事件中之攙偽三聚氰胺以提高其蛋白質含量，當初若使用下列何
者檢測方法可準確量測出其蛋白質正確含量？",凱氏定氮法,雙縮脲法,杜馬斯燃燒測氮法,索氏萃取重量法,B,
113,2024/4/20,食品科學概論,56,在傳統的紅外線吸收光譜圖之圖例中，請問 X軸與 Y 軸分別是哪兩個變因？,吸光度、波數,吸光度、頻率,波數、吸光度,頻率、吸光度,C,
113,2024/10/19,食品科學概論,57,在魚漿加工過程下，有關凝膠結構崩解的最佳溫度範圍為？,41~50℃,51~60℃,61~70℃,71~80℃,C,
113,2024/4/20,食品科學概論,57,一般食品中氮的組成通常占蛋白質含量的多少百分比？,6-12%,13-19%,21-26%,27-35% ,B,
113,2024/10/19,食品科學概論,58,下列何種處理方法，為利用水形成之空泡（洞）作用來清洗果實？,浮游洗淨法（flotationcleaningwashing）,超音波洗淨法（ultrasoniccleaning）,酵素處理法（enzymetreatment）,超過濾法（ultrafiltration）,B,
113,2024/4/20,食品科學概論,58,"利用水蒸汽蒸餾法檢測 SO 殘留量時，在檢液製備過程中加入聚矽酮油（silicone oil）的
2
主要目的為何？",增加萃取率,使檢液呈現顏色以便於觀察,防止乳化,消除泡沫,D,
113,2024/10/19,食品科學概論,59,"中式麵食加工可分為許多種類如冷水麵食、燙麵麵食、發酵麵食、發粉麵食等，下列何種
產品屬於燙麵麵食？",鍋貼,生鮮麵條,銀絲捲,水餃,A,
113,2024/4/20,食品科學概論,59,食品藥物管理署公告的檢驗方法中，針對食品有害重金屬可用下列何法測得？,比重法,高效液相層析串聯質譜法,比色法,感應耦合電漿質譜法,D,
113,2024/10/19,食品科學概論,60,"某水產加工品的主要製作流程如下：原料→擠血→鹽醃→水洗、脫鹽→整形→乾燥→成品
下列何者為該製品？",魚翅,鹽鯖,魷魚乾,"烏魚子 
 
 
113 年度第二次保健食品初級工程師能力鑑定考試試題 
科目：食品科學概論 
考試日期： 113年10 月19日 10:45~12:00 第 12 頁，共 15 頁 
 
A、B、C、",D,
113,2024/4/20,食品科學概論,60,"微生物的繁殖必須要有一定量之水分來源，其可用 Aw 來評估，有關下列微生物能夠繁殖
之 Aw 最低限度，何者最高？",嗜鹽性細菌,細菌,酵母菌,黴菌,B,
113,2024/10/19,食品科學概論,61,"傳統發酵食品於發酵過程中，同時會有黴菌、酵母菌與細菌等微生物參與作
用的為下列哪二種？ a.啤酒 b.葡萄酒 c.醬油 d.米醋",ab,ac,bd,cd,D,
113,2024/4/20,食品科學概論,61,食品中礦物質與哪項生化功能較無直接關係？,滲透壓調節,供給熱量,酸鹼平衡,氧化還原電位,B,
113,2024/10/19,食品科學概論,62,下列油脂何者比較容易氧化酸敗？,大豆油,棕櫚油,豬油,牛油,A,
113,2024/4/20,食品科學概論,62,有關判定魚類新鮮程度的方法，下列何者可判定魚類仍屬新鮮狀態？,魚類之揮發性鹽基態氮（VBN）為 50 mg/,魚體略帶有海藻味,魚肉 pH 值為 8.0,魚體之生菌數為 108 CFU/g ,B,
113,2024/10/19,食品科學概論,63,冷凍魚片發生褐變（brown meat）的主要原因是？,肌紅蛋白氧化（配位金屬成為 Fe+3）,肌紅蛋白氧合（配位金屬成為 Fe+2）,血紅蛋白氧化（配位金屬成為 Fe+3）,血紅蛋白氧合（配位金屬成為 Fe+2）,A,
113,2024/4/20,食品科學概論,63,"下列敘述，何者為錯誤的選項？ a.啤酒製造時，糖化是利用麴菌所產生的糖化酵素將澱
粉分解 b.傳統高粱酒採液態發酵、液態蒸餾的方式進行高粱酒釀造 c.紹興酒的主原料
包含小麥、蓬萊糙米、圓糯糙米三種穀類 d.紅葡萄酒釀造時，添加偏亞硫酸氫鉀可以抑
制雜菌之生長及有助於花青素的溶出",ab,bc,cd,ad,A,
113,2024/10/19,食品科學概論,64,有些緊迫敏感基因動物，屠宰後成為暗乾肉（DFD）或水漾肉（PSE）等劣質肉，原因是？,消耗許多能量、死後醣解緩慢、pH偏高、保水力下降，造成 PSE,醣解太快、ATP 大量降解、pH急遽下降、保水力下降，造成 PSE,醣解太快、ATP 大量降解、pH急遽下降、保水力下降，造成 DFD,消耗許多能量、死後醣解緩慢、pH偏高、保水力下降，造成 DFD,B,
113,2024/4/20,食品科學概論,64,"有關食品解凍的敘述，下列哪二項正確？ a.解凍的定義為吸收熱能使凍結食品內的冰結
晶昇華，恢復原狀 b.冷凍水餃最適合的解凍方法是調理解凍 c.液體（鹽水）解凍法不
適合魚類解凍，因會增加水溶性蛋白質溶出 d.微波解凍可減少解凍後汁液流失，縮短解
凍時間",ab,ac,bd,cd,C,
113,2024/10/19,食品科學概論,65,有關食品材料的微細化技術，下列何種方法在操作過程中最不會產生或涉及高溫？,噴霧乾燥,介質研磨粉碎,超臨界流體減壓膨脹法,高功率超音波,C,
113,2024/4/20,食品科學概論,65,下列何種胺基酸在膠原蛋白中的含量最少？,脯胺酸（proline）,羥脯胺酸（hydroxyproline）,甘胺酸（glycine）,酪胺酸（tyrosine）,D,
113,2024/10/19,食品科學概論,66,為了確保低酸性罐頭食品的安全性及理想的貯存性，熱殺菌時應注意？,F0值至少大於等於 3,LSV值應大於或等於零點二,殺菌目標是肉毒梭菌營養細胞,殺菌目標是肉毒毒素 ,A,
113,2024/4/20,食品科學概論,66,"有關亞硫酸鈉的敘述，下列何者正確？ (1)是食品添加物中的漂白劑、(2)具有強氧化力及
破壞氧化酵素作用，可防止脫水蔬果褐變、(3)可幫助維持紅葡萄酒的色澤、(4)金針乾製
品二氧化硫殘留劑量為 4.0 g/kg 以下、(5)糖漬果實類、蝦類及貝類殘留量計為 4.0 g/kg
以下",(1)(2)(3),(1)(2)(4),(1)(3)(4),(1)(3)(5),C,
113,2024/10/19,食品科學概論,67,"(1)脫膠、(2)脫色、(3)冬化、(4)脫臭、(5)脫酸等處理，是使植物粗萃油的品質穩定減緩劣
變的精製步驟，依序應為？",(1)(5)(2)(4)(3),(5)(1)(2)(3)(4),(5)(4)(3)(2)(1),(1)(2)(3)(4)(5),A,
113,2024/4/20,食品科學概論,67,牛乳以低溫殺菌訴求是比超高溫（UHT）殺菌保留較多的成分，為下列何者？,免疫球蛋白,酪蛋白,乳糖,乳脂肪,A,
113,2024/10/19,食品科學概論,68,"生鮮處理廠為超商供應之預備餐（prepared dishes），在食物經加熱後，常利用下列何種方
法加速冷卻以維持品質？",壓差冷卻,在減壓增濕環境降溫,在急速凍結室降溫,在冷氣機下吹送冷風,A,
113,2024/4/20,食品科學概論,68,穀物在下列何種條件下貯存，容易產生黃麴毒素？,相對濕度 75%以下,通氣良好,20-30 ℃,添加適量防腐劑,C,
113,2024/10/19,食品科學概論,69,"新鮮水果榨汁並充填於塑膠瓶中密封後，以下列種方式加工，除增加保存性外，最能使果
汁產品保有原始水果風味？",熱充填包裝,高壓加工（HPP）,微波殺菌,高脈衝電場（HPEF）,B,
113,2024/4/20,食品科學概論,69,醃漬成功的高麗菜，在加鹽發酵後期的優勢菌是？,醋酸菌,乳酸菌,大腸菌群,黴菌,B,
113,2024/10/19,食品科學概論,70,為避免粉末產品貯存時吸濕而影響流動性，可以添加下列何種物質？,抗結塊劑,結著劑,膨脹劑,品質改良、釀造及食品製造用劑,A,
113,2024/4/20,食品科學概論,70,下列何者不是水產煉製品於製造時進行水漂（漂洗）的目的？,提高水溶性蛋白質的含量,消除魚腥臭,使製品顏色變白,增強製品之彈性,A,
113,2024/10/19,食品科學概論,71,提高二氧化碳濃度的調氣包裝可延長蔬果貯存壽命，原理是？,促進產生乙烯,促進產生植化素,促進後熟,降低呼吸速率 ,D,
113,2024/4/20,食品科學概論,71,下列何種方法無法降低食品的水活性（Aw）？,加鹽醃漬,添加葡萄糖,乾燥脫水,冷凍後再解凍,D,
113,2024/10/19,食品科學概論,72,下列何者對牛肉貯存過程中產生鮮美風味貢獻最大？,真空調理食品（Sous-vide）中牛肉低溫長時間烹調,濕式熟成牛肉的自家消化,乾式熟成牛肉表面黴菌代謝產物,重組牛排中添加明膠,C,
113,2024/4/20,食品科學概論,72,生產低熱量果醬時，利用鈣離子促進凝膠，所以要選擇？,未成熟水果,過熟水果,低甲氧基果膠的水果,高甲氧基果膠的水果 ,C,
113,2024/10/19,食品科學概論,73,"罐頭食品在充填時，食品上層與罐蓋間都會留一部分空間，稱為上部空隙，其高度一般不
得高於罐內高度之？",1月10日,1月5日,1月3日,1月2日,A,
113,2024/4/20,食品科學概論,73,下列有關馬鈴薯發芽劣變的敘述，何者正確？,放冰箱中產生乙烯，可抑制發芽,放在陽光照射處促進代謝，可抑制發芽,芽含有配醣生物鹼，仍可食用,可用放射線處理，抑制發芽,D,
113,2024/10/19,食品科學概論,74,有關濃縮食品之加工技術之敘述，下列何者正確？,利用二重釜進行液體食品的濃縮，可採開放式或配合減壓方式進行之,利用蒸發器進行液體食品的濃縮，可採開放式或配合減壓方式進行之,冷凍濃縮須於低於水的三相點之溫度及壓力下進行之,薄膜濃縮技術，可採開放式或配合減壓方式進行之,B,
113,2024/4/20,食品科學概論,74,添加偏鹼性（pH>7）的聚磷酸鹽主要可避免何種食品劣變？,減少離子強度，增加肉品保水性,減少乳化食品離漿（syneresis）現象，增加分散穩定性,作為膨鬆劑，維持烘焙產品的蓬鬆性,促進乳化食品離漿（syneresis）現象，增加分散穩定性,B,
113,2024/10/19,食品科學概論,75,利用食物介電性質，可快速加熱並乾燥食物的是？,遠紅外線處理,微波技術,電阻加熱,放射線處理,B,
113,2024/4/20,食品科學概論,75,添加在香腸、鴨賞等產品中的亞硝酸鹽，其主要目的是：,主要目的是抑制黴菌生長,為紅色色素，使肉品保持紅潤,在加熱前與血紅蛋白結合成亞硝酸胺，稱為鹽漬肉色,作為保色劑,D,
113,2024/10/19,食品科學概論,76,下列何種產品需要使用凝乳酶（rennin）製作？,乳酪（butter）,酸酪乳（yogurt）,乾酪（cheese）,豆腐乳（fermented bean curd） ,C,
113,2024/4/20,食品科學概論,76,"馬口鐵皮裝之罐頭食品，已經過商業殺菌，但產品有效日期大多為 3年左右，無法永久貯
存的主要原因是考量：",未添加防腐劑,罐壁腐蝕,真空度減少,殺菌不完全,B,
113,2024/10/19,食品科學概論,77,根據我國食品良好衛生規範準則，食品販賣業者對於食品之熱藏，其溫度應保持在？,攝氏60度以上,攝氏50度以上,攝氏45度以上,攝氏40度以上,A,
113,2024/4/20,食品科學概論,77,殺菌溫度過高易造成乳品有加熱臭而影響風味，主要是何種成分裂解？,乳脂,免疫球蛋白,乳鐵蛋白,β-乳球蛋白 ,D,
113,2024/10/19,食品科學概論,78,組織胺是水產品重要的品質指標，組織胺含量升高的原因是？,水產品貯存溫度過低,水產品鮮度佳,魚肉中的組胺酸氧化,魚類腸內菌酵素的組胺酸脫羧作用,D,
113,2024/4/20,食品科學概論,78,"皮蛋於剝殼後，其表層會出現白色的松枝結晶，可能原因為下列哪一種胺基酸形成的結晶
狀物？",甲硫胺酸,酪胺酸,離胺酸,甘胺酸,B,
113,2024/10/19,食品科學概論,79,為改善稻穀的貯存性及保留維生素 B群，稻穀經浸泡、蒸煮、乾燥後的產品稱為？,預糊化澱粉,抗解澱粉,發芽米,蒸穀米,D,
113,2024/4/20,食品科學概論,79,生理活性成分製備成軟膠囊保健食品，最常使用的囊壁成分是？,關華豆膠,蟲膠,膠原蛋白,明膠,D,
113,2024/10/19,食品科學概論,80,下列何者是可以添加在食品中的天然紅色色素？,甜菜苷,蘇丹紅,食用紅色四十號,"食用紅色四十號鋁麗基 
 
 
以 下 空 白",A,
113,2024/4/20,食品科學概論,80,蛋白質在食品加工脫水處理下的變化涵蓋下列何者？,蛋白質-蛋白質交互作用,蛋白質大量聚集,蛋白質溶解度下降,以上皆是 ,D,
114,2025/4/19,保健食品概論,1,"國內法規規定，何時開始製造的產品不得使用糞腸球菌（Enterococcus faecalis）作為食品
原料使用（以製造為主）？",中華民國107年 1月1日,中華民國107年 7月1日,中華民國108年 1月1日,中華民國109年 1月1日,B,
114,2025/4/19,保健食品概論,2,目前已通過健康食品延緩衰老功能認證的產品，下列何者是其保健成分原料？,β-聚葡萄糖,管花肉蓯蓉苯乙醇苷,魚油,紅麴,B,
114,2025/4/19,保健食品概論,3,申請健康食品查驗的產品，對其保健功效評估報告的審查，何為為非？,試驗產品應是申請的最終產品,人體食用研究者應有人體研究倫理審查委員會同意書,動物實驗應有試驗執行機構之實驗動物照護及使用委員會或小組同意書,應有二批結果報告，其中至少一批檢驗完成日期需在三年內,D,
114,2025/4/19,保健食品概論,4,"兩種保健食品分別為牛樟芝固態培養菌絲體膠囊和牛樟芝椴木栽培子實體膠囊，欲申請
健康食品認證，請問此兩種產品共同需進行的安全性評估項目為何？ a:基因毒性 b:28 天
餵食毒性試驗 c:90 天餵食毒性試驗 d:致畸試驗 e:致癌性試驗 f:繁殖試驗。",a,"a,b","a,c,d","a,c,d,e,f",C,
114,2025/4/19,保健食品概論,5,"下列有關二甲基黃（dimethyl yellow）之敘述：a.曾被用做人造奶油食用色素 b.動物實驗
發現其會致癌 c.屬用途限定食物染劑 d.訂定有限量標準，下列何者不正確？",a,cd,acd,abcd,B,
114,2025/4/19,保健食品概論,6,下列有關反式脂肪之敘述何者為錯誤？,人造的反式脂肪主要來自於經過氧化的植物油,攝取過多反式脂肪會增加罹患心血管疾病風險,天然的乳製品也可能存在反式脂肪,我國規定於營養標示內應標示反式脂肪項目,A,
114,2025/4/19,保健食品概論,7,糞腸球菌、尿腸球菌做為健康食品原料，需要的安全性證明，下列何者為非？,基因毒性試驗,90天餵食毒性試驗,致癌性試驗,毒力相關因子檢測,C,
114,2025/4/19,保健食品概論,8,目前獲得健康食品健食規字號的產品都具有何種功能？,牙齒保健功能,胃腸功能改善,免疫調節功能,調節血脂功能,D,
114,2025/4/19,保健食品概論,9,食品中添加「碳酸鎂」作為品質改良劑時，使用限量為 5 g/kg 以下，下列何者符合規定？,膠囊每顆500 mg 中含有碳酸鎂2 mg,每150 kg食品中含有碳酸鎂 0.8 kg,500顆錠狀食品（每顆 200 mg）總計含有碳酸鎂 2 g,每25 kg食品中含有碳酸鎂 150 g,A,
114,2025/4/19,保健食品概論,10,下列何者不是健康食品護肝保健功效評估方法中，可進行的肝損傷模式？,疲勞性肝損傷,四氯化碳誘發化學性肝損傷,酒精液態飼料誘導酒精性脂肪肝,止痛藥物乙醯胺基苯酚誘導化學性肝炎損傷,A,
114,2025/4/19,保健食品概論,11,"業者向衛生福利部申請輸入錠狀、膠囊狀食品查驗登記，何者非衛生福利部不予登記並發
駁回書函之主要原因？",成分含量表列載之成分或含量，與包裝、標籤標示之成分或含量不一致者,產品使用之添加物係衛福部所定「食品添加物使用範圍及限量暨規格標準」未收載者,提出申請時未檢附產品成分含量表正本,逾通知補件期限未補件者 ,C,
114,2025/4/19,保健食品概論,12,健康食品查驗登記許可證之效期，下列何者錯誤？,新領證之有效期限為 5年,效期屆滿前3個月內得申請展延,展延許可之續證有效期為 3年,屆期未申請或不准展延者，原許可證自動失效,C,
114,2025/4/19,保健食品概論,13,"國內生產維生素膠囊狀、錠狀食品，如何計算產品是否達到「認定基準表」應辦理查驗登
記的基準值？",配方中每100公克的含量,每顆（粒）膠囊狀、錠狀食品的含量,依每日建議攝取量的最大值,依每日建議攝取量的最小值,C,
114,2025/4/19,保健食品概論,14,"以下何者不是包裝維生素礦物質類之錠狀膠囊狀食品營養標示，應遵行事項所規定之標
示內容？",「營養標示」之標題,每一份量（或每一份、每份）幾顆（或粒、錠）、本包裝所（含）幾份,於包裝容器上宣稱或自願標示之營養素含量,產品所含維生素、礦物質之生理功能,D,
114,2025/4/19,保健食品概論,15,國內獲健食字號的茶飲料產品，下列何項非產品申請的保健功能？,調節血脂,不易形成體脂肪,促進鐵吸收,胃腸功能改善,C,
114,2025/4/19,保健食品概論,16,若以產值來看，以下何者非國內最主力的保健食品品項？,飲料,飲品,沖泡飲品,膠囊錠劑食品,D,
114,2025/4/19,保健食品概論,17,臺灣保健食品的銷售通路，下列何者敘述有誤？,實體通路包含藥局藥妝店及醫美診所等,實體通路包含便利商店及超巿等,直銷不是重要通路,虛擬通路包括網路平台及直播等 ,C,
114,2025/4/19,保健食品概論,18,食品原料標示時，對冬蟲夏草菌絲體的使用，何者敘述有誤？,要於外包加註「本產品非中藥材冬蟲夏草之製品」的醒語,完整「冬蟲夏草菌絲體」7個字，字體大小要一致,需備菌株鑑定證明或分離來源等相關文件,可直接使用菌株英文名稱，不需中文名稱,D,
114,2025/4/19,保健食品概論,19,"向衛生福利部申請特殊營養食品特定疾病配方食品查驗登記新案，所需下列何種資料？ 
a.食品業者登錄證明文件 b.原製造廠出具之原料成分含量表正本 c.製程作業重點資料 
d.國產者應檢附製造工廠聘用衛生管理人員之地方政府衛生局核備證明文件",abcd,cd,ab,bc,D,
114,2025/4/19,保健食品概論,20,下列何為不是國內「健康食品之輔助調節血鐵保健功效評估方法」須檢測指標與方法？,紅血球指標,發炎指標,鐵營養相關血液生化指標,體脂肪,D,
114,2025/4/19,保健食品概論,21,胃腸改善健康食品可以減少腸內哪一種有害菌？,Clostridium perfringens,Clostridium botulinum,Listeria monocytogenes,Bacillus cereus,A,
114,2025/4/19,保健食品概論,22,"何者包含於「魚油健康食品規格標準」之規定中？a.以傳統供食用之魚類萃取製成滴丸、
膏狀、膠囊或錠狀之食品。b.除加工必要使用之抗氧化劑或賦型劑外，可再添加一種輔助
強化功效之成分原料。c.所含 ω-3 脂肪酸之純度應為百分之三十至五十。d.每日攝取量所
含之ω-3脂肪酸至少應達一．○克，但不得超過二．○克。",ab,cd,ad,bd ,B,
114,2025/4/19,保健食品概論,23,依據「工業及礦業團體分業標準」所訂之「保健營養食品工業」業務範圍，何者為非？,"從事保健營養之食品製造工業所生產的膠囊、錠劑、顆粒粉末或飲品等型態之保健
類食品",從事保健營養之食品製造工業所生產之中藥製劑,從事保健營養之食品製造工業所生產之食用酵素,從事保健營養之食品製造工業所生產之病患用食品,B,
114,2025/4/19,保健食品概論,24,吃了保健食品，身體出現紅疹、搔癢，這是何種反應？,排毒反應,不良反應,萌眩反應,鈍化反應,B,
114,2025/4/19,保健食品概論,25,健康食品產品配方依每日建議攝取量，所含之外加精緻糖之限量為何？,50公克,25公克,17公克,10公克,C,
114,2025/4/19,保健食品概論,26,以下何種原料具有骨質保健的功效？,丹蔘酮,異黃酮,木糖醇,靈芝,B,
114,2025/4/19,保健食品概論,27,以下何種原料可以改善腸胃功能？,菊苣纖維,魚油,人參,冬蟲夏草,A,
114,2025/4/19,保健食品概論,28,以下何者是成人之必須胺基酸？,甘胺酸glycine,胱胺酸cystine,精胺酸arginine,"離胺酸lysine 
 
 
114 年度第一次保健食品初級工程師能力鑑定考試試題 
科目：保健食品概論 
考試日期： 114年04 月19日 09:00~10:15 第 6 頁，共 15 頁",D,
114,2025/4/19,保健食品概論,29,楊桃最不適合哪一類病人食用？,心血管疾病,氣喘病,糖尿病,腎臟病,D,
114,2025/4/19,保健食品概論,30,"食物組成分為營養素和非營養素，下列有關非營養素（nonnutrients）之敘述何者是錯誤的
組合：a.礦物質，b.天然存在的物質，c.維生素",ab,bc,ac,以上皆錯,D,
114,2025/4/19,保健食品概論,31,"在毒理學研究中，NOAEL（無可觀察不良影響劑量）和 ADI（每日可容忍攝入量）是評
估食品中化合物安全性的重要參數。下列關於 NOAEL 和 ADI 的敘述，何者正確？ 
(1)NOAEL 是指在動物實驗中沒有檢測到任何生理變化的劑量，與毒理學效應無關。
(2)ADI 的計算通常基於 NOAEL，並引入安全係數 100 以考慮種間差異（10 倍）和個體
敏感性差異（10倍）。(3)NOAEL和 ADI的值會因不同物種的代謝機制相同而保持一致，
不需要跨物種修正。(4)ADI 代表所有暴露途徑的總和，包括環境暴露、職業暴露和膳食
暴露。","1, 2","2, 4","2, 3","1, 3, 4",B,
114,2025/4/19,保健食品概論,32,目前臺灣取得健康食品認證的產品，包括哪些產品型態？,茶類飲料等傳統食品型態,膠囊錠劑等非傳統食品型態,以上皆是,以上皆非,C,
114,2025/4/19,保健食品概論,33,下面對臺灣保健食品巿場的敘述，何者為非？,巿場規模已超過新台幣 1千億元,重視成品調配，不重視素材研發,產品可區分為傳統食品型態及膠囊錠劑兩大類,乳酸菌產品是長青且持續熱門的品項 ,B,
114,2025/4/19,保健食品概論,34,以下何者非健康食品所必須符合之要件？,具有明確功效成分，且其產品的合理攝取量必須有科學的依據,具有中藥典籍記載，經過臨床測試，有另類療法之實證,經過科學化的保健功效評估實驗,依學理證明其無害且具有明確及穩定的保健功效,B,
114,2025/4/19,保健食品概論,35,所謂健康食品係指該食品？,提供特殊營養素或具有特定之保健功效,特別加以標示或廣告,非以治療，矯正人類疾病為目的,以上皆是,D,
114,2025/4/19,保健食品概論,36,以下我國食品相關認證標章，何者是由衛生福利部核發？,國家品質標章SNQ（Symbol of National Quality）,台灣優良食品驗證制度產品標章 TQF（Taiwan Quality Food）,健康食品標章（Health Food）,台灣優良農產品標章 CAS（Certified Agricultural Standards）,C,
114,2025/4/19,保健食品概論,37,廠商向衛生福利部申請健康食品查驗登記遭駁回，其救濟方式何著不正確？,收受處分通知之次日起六個月內，敘明理由，向中央主管機關提出申復,申復經駁回，廠商不服者，得依訴願法提起訴願,收受審處分通知之次日起三十日內，逕依訴願法提起訴願,為爭取時效，同時提出申復及訴願,D,
114,2025/4/19,保健食品概論,38,目前已取得國內健康食品認證的產品有那些型態？,豆漿,米飯,茶飲料,以上皆是,D,
114,2025/4/19,保健食品概論,39,下列哪個不是國內保健食品開發活絡的微生物類原料？,紅麴,大型藻,益生菌,綠藻 ,B,
114,2025/4/19,保健食品概論,40,"若食品標示中指出該食品「不含鈉」，則表示該食品每 100公克之固體（半固體）或每 100
毫升之液體所含「鈉」分別不得超過多少？",0.5公克,0.1公克,5毫克,50毫克,C,
114,2025/4/19,保健食品概論,41,從業者的角度來看保健食品的主要技術需求，以下何者為非？,基因工程,萃取濃縮,微生物發酵,純化分離,A,
114,2025/4/19,保健食品概論,42,何者不是健康食品包裝標示之應標示項目？,食品添物名稱,許可證字號,製造工廠名稱及地址,營養成分及含量,C,
114,2025/4/19,保健食品概論,43,"取得衛生福利部查驗登記許可之健康食品，不符合衛生福利部訂定之衛生標準，其處分何
者不正確？",立即移送法辦,行為人處3~15 萬元罰鍰,負責廠商限期回收市售品,經通知限期改製卻逾期未遵行者，產品沒入銷毀之,A,
114,2025/4/19,保健食品概論,44,向衛生福利部申請嬰兒與較大嬰兒配方食品查驗登記，下列何者不正確？,原製造廠最近二年內出具原料成分含量表,"出產國管理產品衛生安全或核發製造廠證照之政府機關最近二年內出具之原製造廠
為合法工廠之官方證明文件",有效樣本數20 人以上之試用報告,完整樣品，有不同包裝規格、型態或材質者，各別檢附之 ,A,
114,2025/4/19,保健食品概論,45,下列何者不是包裝食品營養標示欄位中可列載的營養素？,葉黃素,維生素C,飽和脂肪酸,咖啡因,D,
114,2025/4/19,保健食品概論,46,"保健食品以「健康」字樣為品名之一部分卻未取得衛生福利部健康食品查驗登記許可，其
標示、宣傳廣告之違規屬性為何？",宣稱之保健效能超過許可範圍,涉及不實、誇張,涉及易生誤解,涉及醫療效能,C,
114,2025/4/19,保健食品概論,47,"有關健康食品規格標準（符合健康食品管理法第三條第一項第二款規定者），下列何者不
是保健功效成分鑑定報告及其檢驗方法之審核重點？",其成分應具明確保健功效,產品規格應符合衛生福利部所定之健食品規格標準,鑑定報告應包括規格成分之定性及定量試驗結果,檢驗方法以國內或國際間公認之方法為之,A,
114,2025/4/19,保健食品概論,48,"取得衛生福利部查驗登記許可之健康食品，於許可證於有效期間內，衛生福利部得對該健
康食品重新評估，何者不是健康食品管理法所規定得重新評估之情況？",產品刊登誇大不實廣告受到質疑,科學研究對該產品之功效發生疑義,產品之成分、配方或生產方式受到質疑,食品衛生主管機關認定有必要時,A,
114,2025/4/19,保健食品概論,49,"相較於個案審查型（健康食品管理法第 3條第 1項第1款），申請規格標準型（健康食品
管理法第3 條第1項第 2款）之健康食品查驗登記，可以免附何種文件資料？",產品保健功效評估報告,產品保健功效成分鑑定報告及其檢驗方法,產品營養成分分析報告,產品衛生檢驗報告,A,
114,2025/4/19,保健食品概論,50,下列有關醣質的敘述，何者正確？,葡萄糖、麥芽糖與蔗糖等具有還原性,肝醣是唯一來自動物的一種醣類,甜度的順序是：果糖最強，其次蔗糖、葡萄糖,所有的醣質的熱量都相等，澱粉和葡萄糖也都是 4.0 kcal/g,C,
114,2025/4/19,保健食品概論,51,構成卵磷脂的成份中，有甘油、脂肪酸、磷酸以及下列何者？,絲胺酸,肌醇,乙醇胺,膽鹼,D,
114,2025/4/19,保健食品概論,52,有關於insulin 的敘述，下列何者錯誤？,高血糖刺激胰臟之 beta細胞所分泌,可促進細胞之糖解作用,可抑制周圍組織攝入葡萄糖,可促進周圍組織攝入胺基酸,C,
114,2025/4/19,保健食品概論,53,下列何種飲用水中含有最少量的礦物質？,軟水,硬水,天然水,蒸餾水,D,
114,2025/4/19,保健食品概論,54,高脂飲食與下列何種疾病較無關聯？,膽結石,胃潰瘍,大腸癌,乳癌,B,
114,2025/4/19,保健食品概論,55,下列何種甜味物質每公克供應之熱量最多？,蔗糖,山梨糖醇,阿斯巴甜,糖精 ,A,
114,2025/4/19,保健食品概論,56,糞便中之含氮量與下列何者正相關？,體重,體表面積,食物攝取量,基礎代謝率,C,
114,2025/4/19,保健食品概論,57,關於膽固醇之敘述，下列何者錯誤？,可經陽光照射，在皮膚上形成維生素 D,主要運輸形態為游離膽固醇,為肝臟合成膽酸之原料,可轉換成性激素,B,
114,2025/4/19,保健食品概論,58,有助於益生菌生長的成分，下列何者為非？,寡醣,多肽,胺醣,膳食纖維,B,
114,2025/4/19,保健食品概論,59,"支鏈胺基酸（branched-chain amino acids, BCAA）為構成肌肉和提供肌肉能量的必需胺基
酸，下列何者不是BCAA？",組胺酸（histidine）,白胺酸（leucine）,異白胺酸（isoleucine）,纈胺酸（valine）,A,
114,2025/4/19,保健食品概論,60,糯米的組成是什麼？容易使血糖上升。,支鏈澱粉多,直鏈澱粉多,黏度低,糯米以β 鍵連結,A,
114,2025/4/19,保健食品概論,61,以下何者與鈣的吸收無關？,維生素D,蛋白質,乳糖,脂肪 ,D,
114,2025/4/19,保健食品概論,62,VLDL是在哪裡轉化成 LDL？,肝臟,腎臟,血管,小腸,C,
114,2025/4/19,保健食品概論,63,下列何者是人體中樞神經唯一可使用的能量來源？,脂肪酸,葡萄糖,酮體,胺基酸,B,
114,2025/4/19,保健食品概論,64,"香腸等肉類加工製品會添加硝酸鹽或亞硝酸鹽，做為上色用途外，還有一個重要的用途是
下列何者？",防止產生致癌物,保持肉類原味,防止肉毒桿菌產生,延長保存期限,C,
114,2025/4/19,保健食品概論,65,下列關於市售盒裝嫩豆腐之敘述，何者是正確的？,不可以直接吃，應煮熟,應置於冷藏環境保存,由生豆漿製成，非熟食,蛋白質含量較傳統豆腐低,B,
114,2025/4/19,保健食品概論,66,下列關於「褐色斑點香蕉」之敘述，何者是錯誤的？,褐色斑點為香蕉成熟後自然氧化所造成,可以食用,可能具刺激免疫系統作用,可能具有抗癌作用,D,
114,2025/4/19,保健食品概論,67,下列關於「洋蔥」之敘述，何者是錯誤的？,洋蔥富含類黃酮、硫化物等有益物質,洋蔥鈣含量高,洋蔥含有抗氧化成分,目前沒有證據其能幫助增加骨質密度 ,B,
114,2025/4/19,保健食品概論,68,日本曾發生之所謂水俁病（Minamata disease），這是因何種物質汙染魚類所致？,有機鉛,有機錫,有機汞,有機鎳,C,
114,2025/4/19,保健食品概論,69,台灣與日本曾發生鎘米事件，而會造成所謂的痛痛病，請問這是何種組織疾病？,免疫系統,心血管系統,中樞神經系統,骨骼系統,D,
114,2025/4/19,保健食品概論,70,"裝飲用水之寶特瓶可能隨時間推移、溫度上升及酸鹼度下降而使得寶特瓶中塑化劑及何
種物質釋放到水中，可能有害健康？",銻,砷,鉻,鉑,A,
114,2025/4/19,保健食品概論,71,亞硝酸鹽是一種食品添加物，其使用目的之一是為了防止何種微生物生長？,肉毒桿菌,仙人掌桿菌,金黃色葡萄球菌,沙門氏桿菌,A,
114,2025/4/19,保健食品概論,72,台灣多年前曾於二仁溪口附近的海域，發生綠牡蠣事件，這是何種汙染物造成？,銅,塑化劑,鎘,藍綠藻毒素,A,
114,2025/4/19,保健食品概論,73,下列有關“過貓”蕨菜之敘述何者為錯誤？,含原蕨苷ptaquiloside,原蕨苷被IARC 歸為第3類，人類致癌性證據不足,含豐富纖維質、鐵質，營養價值高,生食較佳,D,
114,2025/4/19,保健食品概論,74,胃切除者可能缺乏下列何種營養素？,"維生素B 
1","維生素B 
2","維生素B 
6","維生素B 
12",D,
114,2025/4/19,保健食品概論,75,下列糕餅點心何者的升膽固醇指數（cholesterol / saturated - fat index）最高？,鬆餅,可頌,鳳梨酥,"蛋黃酥 
A、B、C、",D,
114,2025/4/19,保健食品概論,76,下列何者不是維生素 Bab 缺乏導致所伴隨之臨床症狀？,巨球性貧血,同半胱胺酸血症,惡性貧血,小球性貧血,D,
114,2025/4/19,保健食品概論,77,丙烯醯胺主要可能產生下列何種器官毒性？,神經毒性,腎毒性,肝毒性,心血管毒性,A,
114,2025/4/19,保健食品概論,78,下列有關紅（火）龍果內部果肉發芽之敘述，何者正確？,會產生毒素,這是胚珠柄，屬果實一部分,需切除或剔除後才能食用,不具營養價值,B,
114,2025/4/19,保健食品概論,79,"依規定食品中產孢性細菌包括產氣莢膜桿菌及仙人掌桿菌之最大容許量每公克應在幾個
以下？",100,50,25,10,A,
114,2025/4/19,保健食品概論,80,"下列細菌性食品中毒中，何者潛伏期短約 30 分鐘至8小時，一般為 2~4小時，症狀有噁
心、嘔吐、下痢、腹痛、糞便中有黏液等等？",肉毒桿菌,霍亂弧菌,金黃色葡萄球菌,"志賀氏桿菌 
 
 
 
以 下 空 白",C,
114,2025/4/19,食品科學概論,1,有關酵素的敘述，下列何者錯誤？,凝乳酪主要應用於牛乳之凝乳，用以製備乾酪,"玉米澱粉溶液經澱粉液化酶，澱粉糖化酶及葡萄糖異構化酶，等多種酵素作用，可
製造高果糖糖漿",削過皮的水果加進 0.1%食鹽水中，可完全抑制酚酶的酵素性褐變,次級肉品可利用木瓜蛋白酶軟化，以提高產品價值,C,
114,2025/4/19,食品科學概論,2,下列有關於蛋白質與其溶解度之配對何者有誤？,彈性蛋白（elastin）—難溶於水,穀膠蛋白（gliadin）—可溶於70-90%酒精溶液，但不溶於水,白蛋白（albumin）—可溶於水以及稀鹽、稀酸或稀鹼溶液,肌紅蛋白（myoglobin）—可溶於水以及稀酸或稀鹼溶液,D,
114,2025/4/19,食品科學概論,3,下列有關澱粉糊化（gelatinization）及澱粉回凝（retrogradation）的敘述，何者為非？,脂肪酸的甘油一酯衍生物有加速澱粉回凝的效果,澱粉糊化時，直鏈澱粉與支鏈澱粉的分子結構都會改變,糊化後的澱粉經長時間靜置後，鄰近澱粉鏈分子以氫鍵結合，造成澱粉的回凝現象,澱粉的回凝對烘焙及米食產品品質影響很大,A,
114,2025/4/19,食品科學概論,4,"下列有關脂肪及脂肪酸之物理性質的敘述，何者正確？ a.飽和脂肪酸的熔點比不飽和脂
肪酸的熔點低 b.油脂的不飽和度愈高，其黏度愈低 c.飽和脂肪酸的比重較不飽和脂肪酸
比重高 d.脂肪酸的碳鏈愈長熔點愈低",ab,bc,cd,abd,B,
114,2025/4/19,食品科學概論,5,ISO 14000為建立企業的那一種管理系統？,財務,人事,環境,生產,C,
114,2025/4/19,食品科學概論,6,在ISO驗證之評估流程中，公司品質系統的評估，無法由下列何者來執行？,公司內部的稽核人員（第一者稽核）,客戶（第二者稽核）,獨立的第三者來執行,衛生管理機關,D,
114,2025/4/19,食品科學概論,7,目前我國包裝飲用水及盛裝飲用水衛生標準中，未規定下列何者之最大容許量或限量？,砷,溴酸鹽,腸炎弧菌,綠膿桿菌,C,
114,2025/4/19,食品科學概論,8,食品安全品質標準（SQF），除了產品品質驗證外，更考慮到食品防護，下列何者不正確？,食品安全,食品防禦,食品檢驗,食品摻偽,C,
114,2025/4/19,食品科學概論,9,以下哪一項不是HACCP 的主要目的？,重視源頭管理,零缺點系統,風險分析,預防管制,B,
114,2025/4/19,食品科學概論,10,目前實施的[食品中微生物衛生標準]中對[殺菌液蛋]的要求事項，下列何者正確？,總生菌數小於106 CFU/g,腸桿菌科不得檢出,沙門氏菌陰性,金黃色葡萄球菌陰性,C,
114,2025/4/19,食品科學概論,11,製作啤酒時使用大麥芽的目的為何？,提供澱粉水解酶,增加苦澀味,增進色澤,降低糖度,A,
114,2025/4/19,食品科學概論,12,漁獲物屠宰後生化變化直接影響到漁產品的鮮美程度，下列敘述何者有誤？,高度緊迫會加速進入僵直期,ATP 耗盡啟動死後僵直程序,肌肉組織軟化主要與肌原纖維蛋白降解有關,核苷酸和游離胺基酸對鮮甜味貢獻很大,C,
114,2025/4/19,食品科學概論,13,有關丙烯醯胺敘述何者有誤？,高碳水化合物的食品較易產生,酸性下較不易產生,天門冬醯胺酸，甲硫胺酸和三酸甘油酯都是可能的反應物,高溫高水分含量較易產生,D,
114,2025/4/19,食品科學概論,14,肉品中的肌紅素受到硫化氫和氧氣影響形成硫肌紅素時，肉品會呈現什麼顏色？,綠色,紅色,橘色,棕色,A,
114,2025/4/19,食品科學概論,15,有關食品中真菌毒素限量標準，下列何者有誤？,黃麴毒素（ochratoxin A）米麥類-5 ppb 以下,棒麴毒素（patulin）蘋果汁-50 ppb以下,橘黴素（citrinin）原料用紅麴米-5 ppb 以下,總黃麴毒素（aflatoxins）花生、玉米-20 ppb以下,D,
114,2025/4/19,食品科學概論,16,油脂碘價測定是利用何種滴定法？,氧化還原,沉澱,中和,錯合物,A,
114,2025/4/19,食品科學概論,17,下列何者不會提升熱風乾燥的速率？,降低熱風濕度,植物組織為活細胞狀態,擴大食品的表面積,提高真空度 ,B,
114,2025/4/19,食品科學概論,18,下列何種不是食品幅射照射的目的？,破壤酵素,殺菌,殺滅昆蟲,促進發芽,D,
114,2025/4/19,食品科學概論,19,下列哪一種情形不屬於散裝食品的特性？,不具啟封辨識性,不具延長保存期限,可擴大銷售範圍,非密封,C,
114,2025/4/19,食品科學概論,20,保健營養食品GMP 驗證屬何種形態驗證？,劑型,廠區,人員,食品安全,A,
114,2025/4/19,食品科學概論,21,"食品中的持久性有機汙染物（Persistent Organic Pollutants, POPs），下列何者最不適用？",戴奧辛,多氯聯苯,魚貝類刺毒,DDT農藥,C,
114,2025/4/19,食品科學概論,22,有關食品組織胺中毒，下列何者錯誤？,未經充分加熱導致,與生物體高量組胺酸有關,與污染的微生物中組胺酸脫羧酶活性有關,鯖科魚類中毒,A,
114,2025/4/19,食品科學概論,23,即食餐食工廠欲建立食品安全管制系統，熟食沙拉的儲存場所，應屬於下列何種作業區？,一般作業區,準清潔區,清潔區,非食品處理區 ,C,
114,2025/4/19,食品科學概論,24,以下何者不屬於類異戊二烯（isoprenoids）？,茄紅素,葉黃素,血紅素,還原蝦紅素,C,
114,2025/4/19,食品科學概論,25,有關馬鈴薯發芽中毒的描述，下列何者有誤？,毒素為配醣生物鹼,破壞腸道細胞，產生腸炎疾病,挖掉芽眼，以高溫蒸煮後仍可食用,可能伴隨出汗和支氣管痙攣等神經病學症狀,C,
114,2025/4/19,食品科學概論,26,下列何者不是包裝醬油製程應強制標示項目？,速成,水解,混合/調合,"釀造 
A、B、",D,
114,2025/4/19,食品科學概論,27,下列何者不是食品添加物的[殺菌劑]？,酸化亞硫酸鈉,次氯酸,鹽酸,過氧化氫,C,
114,2025/4/19,食品科學概論,28,食品用洗潔劑較常使用軟性洗潔劑，其與硬性洗潔劑不同的是下列哪項？,主要為支鏈式烷基苯磺酸鹽,一般毒性比硬性洗潔劑低,半衰期較長,易受環境微生物分解,D,
114,2025/4/19,食品科學概論,29,關華豆膠可歸類於食品添加物中之類別為下列何者？,粘稠劑（糊料）+ 乳化劑,粘稠劑（糊料）+ 抗氧化劑,防腐劑 + 乳化劑,品質改良用、釀造用及食品製造用劑 ,A,
114,2025/4/19,食品科學概論,30,"依據[降低截切生鮮蔬果微生物危害之作業指引]，針對[直接生食用]的品項得使用食品用
洗潔劑，總氯濃度以不超過多少 ppm 為原則？",50,100,200,300,B,
114,2025/4/19,食品科學概論,31,下列何者不是產生雜環胺化合物的主要食物來源？,水產品,禽肉製品,蔬果類,畜肉製品,C,
114,2025/4/19,食品科學概論,32,下列何種食品在高溫下產生的丙烯醯胺較低？,裹麵裹漿炸雞,洋芋片,氣炸雞（不裹粉）,早餐穀片,C,
114,2025/4/19,食品科學概論,33,我國的食物中毒案例調查中，患者人數最多的主要病因微生物為下列何者？,金黃色葡萄球菌,腸炎弧菌,諾羅病毒,單核球增多性李斯特菌,C,
114,2025/4/19,食品科學概論,34,依據食品良好衛生規範準則之規定，下列敘述何者正確？,蓄水池（塔、槽）每年至少清理二次,與食品接觸之冰塊，應符合冰品衛生標準,使用地下水源者，其水源與化糞池、廢棄物堆積場所等污染源，應至少保持十五公尺,蓄水池（塔、槽）設置地點應距污穢場所、化糞池等污染源五公尺以上 ,C,
114,2025/4/19,食品科學概論,35,"依據食品良好衛生規範準則，有關餐飲業作業場所應施行餐具之殺菌方式，下列何者錯
誤？",煮沸殺菌：以攝氏 100℃之沸水煮沸1 分鐘以上,熱水殺菌：以攝氏 80℃以上之熱水，加熱時間 2分鐘以上,乾熱殺菌：以溫度攝氏 110℃以上之乾熱，加熱時間 30分鐘以上,氯液殺菌：以氯液總有效氯百萬分之二百以下，浸入溶液中時間 1分鐘以上,D,
114,2025/4/19,食品科學概論,36,乳品加工食品業者如需聘任專門職業人員時，下列何者不符合資格？,食品技師,營養師,畜牧技師,獸醫師,B,
114,2025/4/19,食品科學概論,37,下列何種規範或標準具有法律強制性，所有食品業者都必須符合？,HACCP,GHP,CAS,TQF,B,
114,2025/4/19,食品科學概論,38,酵素聯結免疫吸附法（ELISA）的結果是以何種方式表現？,膠粒凝集,免疫沈澱,受質呈色,免疫擴散,C,
114,2025/4/19,食品科學概論,39,下列何者用以表示油脂的不飽和程度？,過氧化價（peroxide value）,酸價（acid value）,皂化價（saponification value）,碘價（iodine value）,D,
114,2025/4/19,食品科學概論,40,下列何者為一般市售利樂包飲料包裝材料最常使用的殺菌劑？,次氯酸鈉,過氧化氫,臭氧,亞硫酸鹽 ,B,
114,2025/4/19,食品科學概論,41,若將蘋果切開後放置空氣中，會逐漸變成褐色是何種反應的結果？,梅納褐變反應,酵素性褐變反應,維生素C 褐變反應,油脂自氧化反應,B,
114,2025/4/19,食品科學概論,42,有關鮮食中摻入三聚氰胺的描述，下列何者錯誤？,食品工業上利用凱式定氮法，會誤判為蛋白質含量很高,使蛋白質生物利用率降低,與鈉離子通道結合，可能導致神經系統病變,經消化作用後可能沉積在腎小管導致堵塞,C,
114,2025/4/19,食品科學概論,43,有關預防冷藏食品品質下降的方法，下列何者錯誤？,甜椒可在10℃下放至數天在移至 0℃的低溫環境,某些蔬果可先催熟增加其耐寒力，以利長期低溫運輸,維持最低濕度以減緩食品的水活性影響,將蒸散作用較強的食品放置低溫高濕處以減緩蒸散作用,C,
114,2025/4/19,食品科學概論,44,下列何者不是熱帶海魚毒的常見魚種？,鸚哥魚,金梭魚,養殖石斑,粗皮鯛,C,
114,2025/4/19,食品科學概論,45,有關脂質的物化性質之敘述，下列何者有誤？,利用控制溫度變化達到所需油脂晶型的過程稱為調溫（temper）,油脂之熔點隨其脂肪酸的不飽和度增加而降低,油脂之黏度（viscosity）隨其脂肪酸的平均鏈長度增加而提高,當油脂劣變，游離脂肪酸增加時，其發煙點的溫度會上升,D,
114,2025/4/19,食品科學概論,46,"水產品凍藏因氧化三甲基胺（TMAO）降解產物會導致蛋白質劣變，主要為下列何種化合
物所引起？",甲醛,乙醛,丙酮酸,丁酸 ,A,
114,2025/4/19,食品科學概論,47,配製0.2 N HCl500 mL 時，需取濃鹽酸（比重 1.19，37% HCl，分子量 36.5）多少mL？,2.14,6.17,8.29,10.34,C,
114,2025/4/19,食品科學概論,48,有關射頻（Radio frequency）加熱技術，下列敘述何者不正確？,係屬於一種電磁波加熱技術,係利用電場不斷快速變換作用下造成離子及分子之間的碰撞及摩擦而發熱,目前只有2種頻率被准許使用在工業、科學及醫療上，分別為 2450 MHz與915 MHz,與傳統熱風乾燥相比，具有整體加熱、升溫快速、穿透度深及能量耗損低等優點,C,
114,2025/4/19,食品科學概論,49,下列利用電磁波的食品加工技術，其波長（wave length）排序，何者正確？,微波（Microwave） > 射頻（Radio frequency） > 紅外線 > 游離輻射,射頻 > 微波 > 紅外線 > 游離輻射,紅外線 > 游離輻射 > 射頻 > 微波,游離輻射 > 紅外線 > 微波 > 射頻,B,
114,2025/4/19,食品科學概論,50,下列何者不是五碳醣？,山梨糖,阿拉伯糖,木糖,核糖,A,
114,2025/4/19,食品科學概論,51,炸青菜需加何物大火快炒，方可保持翠綠色？,小蘇打粉,麩胺酸鈉,食鹽,5’-次黃嘌呤核苷酸（5’-inosinie monophosphate，5’-IMP）,A,
114,2025/4/19,食品科學概論,52,"冷藏可降低食品的化學與酵素的變化，並抑制大部分病源菌的生長，請問一般冰箱溫度範
圍設定為何？",-5~0°C,4~7°C,10~14°C,15~18°C ,B,
114,2025/4/19,食品科學概論,53,對於一般食用大豆油的描述何者不正確？,主要成分為含三個脂肪酸的甘油酯,主要脂肪酸的碳數為奇數,主要脂肪酸的碳數為偶數,含高比例的多元不飽和脂肪酸,B,
114,2025/4/19,食品科學概論,54,下列何者能衡量實驗值的分散程度，及各數值間的接近程度？,變異係數,可信區間,相關係數,標準偏差,D,
114,2025/4/19,食品科學概論,55,有關正常人體內維生素 D的供應，下列何種敘述有誤？,經常在陽光下活動，可由膽固醇轉換而得,食用含有維生素 D強化之食品,食用肝臟、乳酪製品,注射葡萄糖點滴劑,D,
114,2025/4/19,食品科學概論,56,有關脂質（lipid）的敘述，下列何者有誤？,與食品的風味無關,溶於石油醚、己烷等有機溶劑,可提供人體的熱量來源,大多數是脂肪酸所形成的酯類化合物,A,
114,2025/4/19,食品科學概論,57,有關紅色肌肉與白色肌肉的敘述，下列何者不正確？,紅色肌肉粒線體較多,白色肌肉肌紅素較少,紅色肌肉收縮速率較快,白色肌肉主要能量來源為糖解作用,C,
114,2025/4/19,食品科學概論,58,抑制酵素性褐變的方式何者可能性較低？,殺菁處理,改變pH或水活性,使用抗壞血酸,改變鄰二酚受質特性 ,D,
114,2025/4/19,食品科學概論,59,冰淇淋加工製造中均質化的目的，何者有誤？,將脂肪球打碎均勻散佈,減少膨脹率,減少老化時間,促進乳化安定性,B,
114,2025/4/19,食品科學概論,60,在肉品加工中加入木瓜酶（Papain）可達到嫩化的效果，主要的原因為何？,肝醣被分解,血紅素被分解,結締組織被分解,組織胺被分解,C,
114,2025/4/19,食品科學概論,61,"由於加工及儲藏條件的差異，可能會產生不同形式的肌紅蛋白，下列哪些形式的肌紅蛋白
較不受消費者喜愛？ ①亞硝基肌紅蛋白（Nitrosomyoglobin） ②變性肌紅蛋白
（Metmyoglobin） ③含硫肌紅蛋白（Sulfmyoglobin） ④氧合肌紅蛋白（Oxymyoglobin）",①②,①③,②③,②④,C,
114,2025/4/19,食品科學概論,62,有關澱粉的敘述，下列何者正確？,直鏈澱粉含量多者較易回凝,糊化是一個有秩序到無秩序的變化，其過程為可逆的,回凝與澱粉種類有關，糯米較容易回凝，玉米及小麥較難回凝,糊化溫度與澱粉種類無關,A,
114,2025/4/19,食品科學概論,63,有關食品香味的敘述，下列何者錯誤？,生乳若殺菌過度會產生加熱臭（Cooked flavor）,成熟水果特有的水果香味大多數來自酯類化合物,蔥類、香菇等之辛香味與含硫化合物有關,海水魚類的腥味成分主要來自氧化三甲胺（Trimethylamine oxide）及魚油 ,D,
114,2025/4/19,食品科學概論,64,有關油脂的脂解作用（Lipolysis）之敘述，下列何者錯誤？,脂肪酶（Lipase）可以催化解脂作用,導致油脂的發煙點降低,導致油脂的pH 值上升,導致油脂產生酸敗（Rancidification）現象,C,
114,2025/4/19,食品科學概論,65,關於花青素（Anthocyanin）的敘述，下列何者錯誤？,為植物中的天然色素,屬於水溶性,在酸性中呈現藍色，中性為紫色，鹼性為紅色,會因溫度、氧氣等因素而影響呈色,C,
114,2025/4/19,食品科學概論,66,有關比爾定律的描述，下列何者錯誤？,適用於烯溶液,一般以100 mol/L 的濃度為上限,樣品內分子間距若縮小會影響電荷分布而導致干擾,若解離與中和具有不同的吸收係數，則濃度與吸光值不存在線性關係,B,
114,2025/4/19,食品科學概論,67,"利用高速迴轉運動，使乳濁液或懸濁液中的固體顆粒或比重不同且互不溶的二種液體，發
生沉降分離的操作稱為：",離心分離,過濾,篩分,壓榨,A,
114,2025/4/19,食品科學概論,68,"將食品放在阻絕性良好的包裝內，在密封包裝的同時將脫氧劑一起封入，這樣的食品包裝
屬於一種？",無菌包裝（Aseptic packaging）,充氣包裝（Gas packaging）,活性包裝（Active packaging）,聰明包裝（Intelligent packaging）,C,
114,2025/4/19,食品科學概論,69,如果大氣壓力為760 mmHg，某一罐頭食品之罐內壓力為 432 mmHg，則其真空度為？,432 mmHg,328 mmHg,1088 mmHg,760 mmHg,B,
114,2025/4/19,食品科學概論,70,下列何者可用來防止蔬菜烹調中葉綠素之變色？,食鹽,檸檬酸,碳酸氫鈉,醋酸,C,
114,2025/4/19,食品科學概論,71,下列何種茶葉的製程中，沒有經過萎凋處理？,龍井茶,烏龍茶,紅茶,包種茶,A,
114,2025/4/19,食品科學概論,72,下列何者是利用提高滲透壓達到保存食品的目的？,米酒,柴魚,泡菜,蜜餞,D,
114,2025/4/19,食品科學概論,73,"為能保有較高乳鐵蛋白、免疫球蛋白，國內鮮乳廠生產鮮乳常採用何種巴氏殺菌
（Pasteurization）？",高溫短時間殺菌（HTST）,低溫長時間殺菌（LTLT）,超高溫殺菌（UHT）,熱充填殺菌（hot fill） ,A,
114,2025/4/19,食品科學概論,74,蔬果進行兩段殺菁（stepwise blanching）的目的是？,促進高甲氧基果膠形成果膠鈣，軟化質地,促進高甲氧基果膠形成果膠鈣，保持質地硬脆,促進低甲氧基果膠形成果膠鈣，軟化質地,促進低甲氧基果膠形成果膠鈣，保持質地硬脆,D,
114,2025/4/19,食品科學概論,75,以固定化葡萄糖異構酶生產異構化糖時：,固定化可大幅提高酵素活性,固定化可提高酵素耐熱性,產品黏稠性較蔗糖高,產品甜味比蔗糖低,B,
114,2025/4/19,食品科學概論,76,根據我國食品良好衛生規範準則，下列何種“真空包裝即食食品”得於常溫貯存及販賣？,產品pH值小於 6.2，且鹽濃度大於2.5%之發酵產品,產品水活性小於 0.94，且鹽濃度大於2.5%之產品,碳酸飲料產品,經巴斯德低溫滅菌之產品,C,
114,2025/4/19,食品科學概論,77,有關利樂包與康美包的敘述，下列何者不正確？,利樂包裝是密閉式灌注的，就是把液體食品灌注到紙管裡，然後切割封合,"康美包裝的灌注方式是直接把液體食品灌注在預先成型、切割、及背封的紙盒雛型
內，再將紙盒頂部封合",利樂包裝盒底部會有折角，康美包裝盒底部則為橫封成一條直線,利樂包裝與康美包裝基本上都沒有上部空隙,D,
114,2025/4/19,食品科學概論,78,以FAT TOM分析造成食品品質劣變、腐敗因子的敘述，下列何者正確？,F 是指冷凍（freeze）,A是指酸度（acid）,O是指油脂（oil）,M 是指黴菌（mold） ,B,
114,2025/4/19,食品科學概論,79,生產液蛋時，殺菌溫度過高或時間過久，造成最明顯的品質劣變是？,蛋白溶解度提高,黏度降低,起泡能力降低,體積變小,C,
114,2025/4/19,食品科學概論,80,冷凍食品貯存過程中，冰晶成長會劣化食品質地，發生冰晶成長的原因是？,冷凍食品表面與凍藏溫度差異造成蒸氣壓差，使水分蒸發,大冰晶表面蒸氣壓大，吸附水蒸氣形成冰晶核,小冰晶表面蒸氣壓大，使水蒸氣往大冰晶處移動,"滲透壓差異使冰晶遷移 
 
 
 
以 下 空 白",C,
